target,mission,mag,brightness_bin,segment,accepted,sde,error
KIC 9487871,kepler,11.954,bright,5,False,8.477247329262806,rejected: BLS found a signal (SDE 8.5)
KIC 10134470,kepler,12.06,bright,5,False,,no data
KIC 8396230,kepler,11.582,bright,4,False,8.867929335935669,rejected: BLS found a signal (SDE 8.9)
KIC 4253949,kepler,11.326,bright,2,False,,no data
KIC 4274884,kepler,12.297,bright,3,False,8.216056426387063,rejected: BLS found a signal (SDE 8.2)
KIC 8865799,kepler,11.492,bright,4,False,7.6611584199338525,rejected: BLS found a signal (SDE 7.7)
KIC 8007451,kepler,10.472,bright,4,False,7.141471914895487,rejected: BLS found a signal (SDE 7.1)
KIC 9598344,kepler,12.498,bright,1,False,7.891286562207297,rejected: BLS found a signal (SDE 7.9)
KIC 6528714,kepler,12.051,bright,3,False,9.741720756947473,rejected: BLS found a signal (SDE 9.7)
KIC 11442353,kepler,9.147,bright,3,False,7.802996215356757,rejected: BLS found a signal (SDE 7.8)
KIC 7919620,kepler,11.714,bright,2,False,8.578360197834526,rejected: BLS found a signal (SDE 8.6)
KIC 6345659,kepler,12.166,bright,0,False,10.349951561574342,rejected: BLS found a signal (SDE 10.3)
KIC 5521533,kepler,11.277,bright,4,False,9.643494627735747,rejected: BLS found a signal (SDE 9.6)
KIC 10489286,kepler,11.836,bright,0,False,7.8752897155449535,rejected: BLS found a signal (SDE 7.9)
KIC 7898748,kepler,12.289,bright,2,False,11.509387114629876,rejected: BLS found a signal (SDE 11.5)
KIC 2165356,kepler,12.283,bright,3,False,9.41222948300598,rejected: BLS found a signal (SDE 9.4)
KIC 10135715,kepler,11.573,bright,1,False,8.704077979884543,rejected: BLS found a signal (SDE 8.7)
KIC 7703530,kepler,10.665,bright,4,False,8.985840953414336,rejected: BLS found a signal (SDE 9.0)
KIC 3964954,kepler,11.902,bright,3,False,8.078004085195376,rejected: BLS found a signal (SDE 8.1)
KIC 11854122,kepler,12.362,bright,2,False,8.868367781358783,rejected: BLS found a signal (SDE 8.9)
KIC 9702369,kepler,9.554,bright,1,False,9.000837781729567,rejected: BLS found a signal (SDE 9.0)
KIC 4840377,kepler,12.11,bright,5,False,12.199546560959812,rejected: BLS found a signal (SDE 12.2)
KIC 6935035,kepler,12.445,bright,1,False,7.54350055846369,rejected: BLS found a signal (SDE 7.5)
KIC 11038312,kepler,11.386,bright,5,False,7.411264390201265,rejected: BLS found a signal (SDE 7.4)
KIC 9164938,kepler,11.49,bright,2,False,13.714858925172507,rejected: BLS found a signal (SDE 13.7)
KIC 11704004,kepler,9.155,bright,4,False,7.344218652379779,rejected: BLS found a signal (SDE 7.3)
KIC 6937758,kepler,9.76,bright,0,False,20.308367862197976,rejected: BLS found a signal (SDE 20.3)
KIC 9902808,kepler,11.629,bright,3,False,7.557571150349193,rejected: BLS found a signal (SDE 7.6)
KIC 6697458,kepler,11.537,bright,3,False,10.940964525560435,rejected: BLS found a signal (SDE 10.9)
KIC 7418367,kepler,9.8,bright,1,False,8.24559055508739,rejected: BLS found a signal (SDE 8.2)
KIC 10148118,kepler,10.766,bright,3,False,7.580549486426581,rejected: BLS found a signal (SDE 7.6)
KIC 10015567,kepler,11.964,bright,4,False,9.761375869645516,rejected: BLS found a signal (SDE 9.8)
KIC 5213792,kepler,11.359,bright,1,False,9.41761085768043,rejected: BLS found a signal (SDE 9.4)
KIC 8155028,kepler,11.994,bright,0,False,7.827116513873235,rejected: BLS found a signal (SDE 7.8)
KIC 8869290,kepler,11.974,bright,3,False,7.501775443804524,rejected: BLS found a signal (SDE 7.5)
KIC 8446738,kepler,11.064,bright,4,False,11.757786668118726,rejected: BLS found a signal (SDE 11.8)
KIC 11127190,kepler,11.42,bright,0,False,9.057137403900706,rejected: BLS found a signal (SDE 9.1)
KIC 11468988,kepler,11.117,bright,3,False,7.078359401878185,rejected: BLS found a signal (SDE 7.1)
KIC 8840075,kepler,10.353,bright,5,False,7.2559897232088115,rejected: BLS found a signal (SDE 7.3)
KIC 6110695,kepler,10.351,bright,1,False,16.041314924028555,rejected: BLS found a signal (SDE 16.0)
KIC 4655790,kepler,12.476,bright,1,False,9.283743425680502,rejected: BLS found a signal (SDE 9.3)
KIC 11029523,kepler,12.305,bright,3,False,8.396902956096318,rejected: BLS found a signal (SDE 8.4)
KIC 8621095,kepler,11.971,bright,4,False,10.162967093106358,rejected: BLS found a signal (SDE 10.2)
KIC 3217556,kepler,11.021,bright,3,False,9.1481723580031,rejected: BLS found a signal (SDE 9.1)
KIC 7708315,kepler,11.932,bright,3,False,11.753230942556732,rejected: BLS found a signal (SDE 11.8)
KIC 6716840,kepler,11.907,bright,1,False,9.748140150734356,rejected: BLS found a signal (SDE 9.7)
KIC 4244780,kepler,12.438,bright,1,False,7.07311962518662,rejected: BLS found a signal (SDE 7.1)
KIC 6595350,kepler,10.387,bright,2,False,9.463121822074578,rejected: BLS found a signal (SDE 9.5)
KIC 4847371,kepler,10.224,bright,5,False,10.104635259575483,rejected: BLS found a signal (SDE 10.1)
KIC 7627714,kepler,11.755,bright,2,False,7.479519461210991,rejected: BLS found a signal (SDE 7.5)
KIC 7098412,kepler,11.985,bright,1,False,7.019756627427102,rejected: BLS found a signal (SDE 7.0)
KIC 3353295,kepler,11.969,bright,1,False,8.578892408075813,rejected: BLS found a signal (SDE 8.6)
KIC 3656476,kepler,9.516,bright,3,False,9.031627703441776,rejected: BLS found a signal (SDE 9.0)
KIC 10812519,kepler,12.49,bright,2,False,8.81318903141904,rejected: BLS found a signal (SDE 8.8)
KIC 9392039,kepler,11.563,bright,4,False,7.8484124328812515,rejected: BLS found a signal (SDE 7.8)
KIC 9267654,kepler,12.018,bright,4,False,8.415705764472811,rejected: BLS found a signal (SDE 8.4)
KIC 9898385,kepler,10.431,bright,5,False,8.053678277880582,rejected: BLS found a signal (SDE 8.1)
KIC 4742461,kepler,10.224,bright,3,False,11.372548081015106,rejected: BLS found a signal (SDE 11.4)
KIC 9466829,kepler,12.011,bright,3,False,8.938546490173083,rejected: BLS found a signal (SDE 8.9)
KIC 9306095,kepler,12.428,bright,4,False,15.114435274852903,rejected: BLS found a signal (SDE 15.1)
KIC 3661135,kepler,10.865,bright,1,False,8.295959265581033,rejected: BLS found a signal (SDE 8.3)
KIC 9071562,kepler,10.191,bright,4,False,8.5498707311199,rejected: BLS found a signal (SDE 8.5)
KIC 10351834,kepler,10.657,bright,3,False,9.334756796002695,rejected: BLS found a signal (SDE 9.3)
KIC 8013091,kepler,11.935,bright,3,False,8.146690317036331,rejected: BLS found a signal (SDE 8.1)
KIC 3729953,kepler,12.38,bright,2,False,8.183383780503924,rejected: BLS found a signal (SDE 8.2)
KIC 9959776,kepler,11.301,bright,0,False,15.791614101658903,rejected: BLS found a signal (SDE 15.8)
KIC 11908911,kepler,11.966,bright,0,False,7.16320120118003,rejected: BLS found a signal (SDE 7.2)
KIC 5093678,kepler,10.677,bright,2,False,9.762413589686364,rejected: BLS found a signal (SDE 9.8)
KIC 8408819,kepler,9.18,bright,2,False,11.003463137039828,rejected: BLS found a signal (SDE 11.0)
KIC 6530137,kepler,12.141,bright,1,False,10.866098002890846,rejected: BLS found a signal (SDE 10.9)
KIC 9072693,kepler,11.236,bright,5,False,15.944095020954967,rejected: BLS found a signal (SDE 15.9)
KIC 4276002,kepler,11.658,bright,0,False,10.23728236636214,rejected: BLS found a signal (SDE 10.2)
KIC 8802344,kepler,11.854,bright,1,False,16.48438478665405,rejected: BLS found a signal (SDE 16.5)
KIC 8042057,kepler,12.2,bright,3,False,10.89133406442271,rejected: BLS found a signal (SDE 10.9)
KIC 2988743,kepler,12.382,bright,2,False,8.440197974124422,rejected: BLS found a signal (SDE 8.4)
KIC 8247364,kepler,12.468,bright,5,False,8.826120939848817,rejected: BLS found a signal (SDE 8.8)
KIC 4544961,kepler,11.046,bright,1,False,9.066838579817091,rejected: BLS found a signal (SDE 9.1)
KIC 4049858,kepler,11.6,bright,2,False,7.945104872477676,rejected: BLS found a signal (SDE 7.9)
KIC 12553757,kepler,12.471,bright,5,False,8.97948204559892,rejected: BLS found a signal (SDE 9.0)
KIC 4378473,kepler,10.952,bright,3,False,7.196446675401719,rejected: BLS found a signal (SDE 7.2)
KIC 4990101,kepler,9.604,bright,2,False,12.070028035426422,rejected: BLS found a signal (SDE 12.1)
KIC 8177958,kepler,11.953,bright,3,False,11.5566323953876,rejected: BLS found a signal (SDE 11.6)
KIC 10742066,kepler,11.313,bright,4,False,10.285743299215103,rejected: BLS found a signal (SDE 10.3)
KIC 9513046,kepler,10.558,bright,0,False,,ValueError: I/O operation on closed file.
KIC 9015300,kepler,12.017,bright,2,False,7.930504151761105,rejected: BLS found a signal (SDE 7.9)
KIC 6347470,kepler,12.015,bright,4,False,8.737670852060793,rejected: BLS found a signal (SDE 8.7)
KIC 9650501,kepler,12.451,bright,3,False,13.592114446518352,rejected: BLS found a signal (SDE 13.6)
KIC 10166521,kepler,10.38,bright,2,False,7.00125875875707,rejected: BLS found a signal (SDE 7.0)
KIC 11972826,kepler,10.914,bright,5,False,7.159429383090981,rejected: BLS found a signal (SDE 7.2)
KIC 11091456,kepler,11.528,bright,0,False,8.841945209888511,rejected: BLS found a signal (SDE 8.8)
KIC 5784094,kepler,11.85,bright,1,False,9.442400894763786,rejected: BLS found a signal (SDE 9.4)
KIC 8411792,kepler,10.117,bright,2,False,7.902051477441072,rejected: BLS found a signal (SDE 7.9)
KIC 6461219,kepler,12.204,bright,3,False,8.416316158214753,rejected: BLS found a signal (SDE 8.4)
KIC 3643799,kepler,11.648,bright,1,False,11.673010707508338,rejected: BLS found a signal (SDE 11.7)
KIC 7597446,kepler,11.415,bright,2,False,8.803346045552626,rejected: BLS found a signal (SDE 8.8)
KIC 6129007,kepler,12.139,bright,1,False,8.221915653255218,rejected: BLS found a signal (SDE 8.2)
KIC 9777642,kepler,13.607,medium,4,False,8.660796804123244,rejected: BLS found a signal (SDE 8.7)
KIC 8114883,kepler,13.41,medium,1,False,8.939179298303266,rejected: BLS found a signal (SDE 8.9)
KIC 5389856,kepler,12.821,medium,4,False,7.379184913433234,rejected: BLS found a signal (SDE 7.4)
KIC 12689160,kepler,12.999,medium,5,False,9.440569566254606,rejected: BLS found a signal (SDE 9.4)
KIC 9268349,kepler,12.966,medium,5,False,10.01603753035151,rejected: BLS found a signal (SDE 10.0)
KIC 1725207,kepler,13.203,medium,1,False,9.616449890571493,rejected: BLS found a signal (SDE 9.6)
KIC 9149942,kepler,13.359,medium,0,False,7.467013274627116,rejected: BLS found a signal (SDE 7.5)
KIC 8629109,kepler,12.583,medium,0,False,7.496347142723295,rejected: BLS found a signal (SDE 7.5)
KIC 5352687,kepler,13.472,medium,2,False,7.174264284059582,rejected: BLS found a signal (SDE 7.2)
KIC 7126124,kepler,12.748,medium,3,False,8.698651224529572,rejected: BLS found a signal (SDE 8.7)
KIC 7744173,kepler,13.687,medium,5,False,13.28479520434306,rejected: BLS found a signal (SDE 13.3)
KIC 8481048,kepler,13.54,medium,2,False,7.9926365655934495,rejected: BLS found a signal (SDE 8.0)
KIC 7672445,kepler,13.579,medium,0,False,7.747722440110338,rejected: BLS found a signal (SDE 7.7)
KIC 9605151,kepler,12.603,medium,4,False,7.322617750938316,rejected: BLS found a signal (SDE 7.3)
KIC 5645888,kepler,12.559,medium,5,False,11.512146890874154,rejected: BLS found a signal (SDE 11.5)
KIC 9604670,kepler,13.345,medium,3,False,8.601852586432535,rejected: BLS found a signal (SDE 8.6)
KIC 6345145,kepler,12.976,medium,0,False,9.624566683388192,rejected: BLS found a signal (SDE 9.6)
KIC 8934893,kepler,13.322,medium,2,False,7.223626782966846,rejected: BLS found a signal (SDE 7.2)
KIC 10162999,kepler,12.839,medium,4,False,7.716517100984169,rejected: BLS found a signal (SDE 7.7)
KIC 4754310,kepler,12.555,medium,5,False,8.873024414017324,rejected: BLS found a signal (SDE 8.9)
KIC 4764350,kepler,13.505,medium,1,False,8.077981178876087,rejected: BLS found a signal (SDE 8.1)
KIC 7024500,kepler,13.518,medium,1,False,8.911697703344544,rejected: BLS found a signal (SDE 8.9)
KIC 7119319,kepler,13.721,medium,1,False,7.675378154912697,rejected: BLS found a signal (SDE 7.7)
KIC 9652288,kepler,13.147,medium,5,False,7.0516544261161735,rejected: BLS found a signal (SDE 7.1)
KIC 5396265,kepler,12.793,medium,5,False,7.677262990394131,rejected: BLS found a signal (SDE 7.7)
KIC 5717844,kepler,12.871,medium,1,False,7.9880046621340055,rejected: BLS found a signal (SDE 8.0)
KIC 9996023,kepler,13.176,medium,3,False,12.434745117865583,rejected: BLS found a signal (SDE 12.4)
KIC 12024060,kepler,13.185,medium,2,False,,ValueError: I/O operation on closed file.
KIC 6226556,kepler,13.591,medium,1,False,,ValueError: I/O operation on closed file.
KIC 8867289,kepler,12.831,medium,3,False,,ValueError: I/O operation on closed file.
KIC 8655205,kepler,13.286,medium,3,False,7.536011144827924,rejected: BLS found a signal (SDE 7.5)
KIC 4178823,kepler,12.923,medium,2,False,,no data
KIC 2010414,kepler,12.964,medium,5,False,8.949150952872683,rejected: BLS found a signal (SDE 8.9)
KIC 8823666,kepler,12.638,medium,0,False,12.688833575871357,rejected: BLS found a signal (SDE 12.7)
KIC 6182442,kepler,12.638,medium,5,False,8.322460235018461,rejected: BLS found a signal (SDE 8.3)
KIC 8612300,kepler,13.423,medium,3,False,8.745938392763888,rejected: BLS found a signal (SDE 8.7)
KIC 8073821,kepler,13.761,medium,3,False,,ValueError: I/O operation on closed file.
KIC 11970087,kepler,13.542,medium,4,False,7.347652058099284,rejected: BLS found a signal (SDE 7.3)
KIC 2155064,kepler,13.72,medium,4,False,7.039216040581042,rejected: BLS found a signal (SDE 7.0)
KIC 8043586,kepler,13.33,medium,0,False,8.680066131023036,rejected: BLS found a signal (SDE 8.7)
KIC 4858822,kepler,13.26,medium,0,False,8.072525034511175,rejected: BLS found a signal (SDE 8.1)
KIC 8229383,kepler,13.277,medium,2,False,7.302727810921477,rejected: BLS found a signal (SDE 7.3)
KIC 11336402,kepler,12.879,medium,2,False,9.769393740112813,rejected: BLS found a signal (SDE 9.8)
KIC 6104607,kepler,13.022,medium,5,False,8.696387462271367,rejected: BLS found a signal (SDE 8.7)
KIC 12024366,kepler,12.851,medium,3,False,,no data
KIC 10057670,kepler,12.634,medium,2,False,7.101049193305738,rejected: BLS found a signal (SDE 7.1)
KIC 3973328,kepler,12.746,medium,2,False,,ValueError: I/O operation on closed file.
KIC 5816288,kepler,13.179,medium,5,False,11.278918000404532,rejected: BLS found a signal (SDE 11.3)
KIC 5545196,kepler,13.761,medium,4,False,8.364326492605182,rejected: BLS found a signal (SDE 8.4)
KIC 12013074,kepler,12.862,medium,5,False,7.108344780463659,rejected: BLS found a signal (SDE 7.1)
KIC 5198936,kepler,13.339,medium,0,False,7.748961170608443,rejected: BLS found a signal (SDE 7.7)
KIC 8816310,kepler,13.278,medium,2,False,8.663744974279837,rejected: BLS found a signal (SDE 8.7)
KIC 10864265,kepler,13.738,medium,2,False,7.881042896518053,rejected: BLS found a signal (SDE 7.9)
KIC 4349743,kepler,12.959,medium,4,False,8.099274647655387,rejected: BLS found a signal (SDE 8.1)
KIC 5430242,kepler,12.783,medium,4,False,13.45170115380586,rejected: BLS found a signal (SDE 13.5)
KIC 12071386,kepler,13.47,medium,3,False,7.114795958612086,rejected: BLS found a signal (SDE 7.1)
KIC 9611334,kepler,13.428,medium,1,False,14.40367511284456,rejected: BLS found a signal (SDE 14.4)
KIC 4740659,kepler,12.784,medium,4,False,,no data
KIC 9245700,kepler,12.944,medium,3,False,7.196532072298865,rejected: BLS found a signal (SDE 7.2)
KIC 10024460,kepler,12.858,medium,5,False,9.43386905821401,rejected: BLS found a signal (SDE 9.4)
KIC 3869794,kepler,13.285,medium,5,False,13.944572037760466,rejected: BLS found a signal (SDE 13.9)
KIC 7626889,kepler,13.233,medium,1,False,10.41761048262252,rejected: BLS found a signal (SDE 10.4)
KIC 10417135,kepler,13.249,medium,0,False,9.852048948854467,rejected: BLS found a signal (SDE 9.9)
KIC 10287149,kepler,13.701,medium,3,False,10.040989506671972,rejected: BLS found a signal (SDE 10.0)
KIC 10384543,kepler,13.352,medium,4,False,8.316323456846597,rejected: BLS found a signal (SDE 8.3)
KIC 4668993,kepler,13.044,medium,3,False,10.853318819311689,rejected: BLS found a signal (SDE 10.9)
KIC 10221153,kepler,13.629,medium,4,False,7.870489154900445,rejected: BLS found a signal (SDE 7.9)
KIC 12216073,kepler,13.25,medium,1,False,7.251884203501039,rejected: BLS found a signal (SDE 7.3)
KIC 8332426,kepler,13.446,medium,1,False,8.531419852107623,rejected: BLS found a signal (SDE 8.5)
KIC 5653004,kepler,13.723,medium,5,False,10.179643302309826,rejected: BLS found a signal (SDE 10.2)
KIC 12367249,kepler,12.758,medium,1,False,,ValueError: I/O operation on closed file.
KIC 11197517,kepler,12.555,medium,3,False,10.340466748812231,rejected: BLS found a signal (SDE 10.3)
KIC 8316616,kepler,13.337,medium,1,False,9.227988856402726,rejected: BLS found a signal (SDE 9.2)
KIC 4074388,kepler,12.585,medium,0,False,7.661546625986866,rejected: BLS found a signal (SDE 7.7)
KIC 3002379,kepler,13.633,medium,1,False,8.937857741369411,rejected: BLS found a signal (SDE 8.9)
KIC 8843711,kepler,13.422,medium,1,False,9.815092762241408,rejected: BLS found a signal (SDE 9.8)
KIC 9655393,kepler,12.574,medium,0,False,8.34720458026527,rejected: BLS found a signal (SDE 8.3)
KIC 4588115,kepler,12.953,medium,1,False,7.154026829044367,rejected: BLS found a signal (SDE 7.2)
KIC 5942346,kepler,13.262,medium,0,False,7.449435312619157,rejected: BLS found a signal (SDE 7.4)
KIC 5267648,kepler,13.401,medium,2,False,7.1148913857865725,rejected: BLS found a signal (SDE 7.1)
KIC 8259713,kepler,13.603,medium,1,False,10.675662952189548,rejected: BLS found a signal (SDE 10.7)
KIC 11393272,kepler,13.027,medium,3,False,7.770773978098552,rejected: BLS found a signal (SDE 7.8)
KIC 8367487,kepler,13.1,medium,3,False,8.088350361268745,rejected: BLS found a signal (SDE 8.1)
KIC 7625166,kepler,13.302,medium,2,False,7.601602380429244,rejected: BLS found a signal (SDE 7.6)
KIC 7337410,kepler,13.47,medium,2,False,7.382827483503971,rejected: BLS found a signal (SDE 7.4)
KIC 5513892,kepler,13.423,medium,1,False,7.5207994924917525,rejected: BLS found a signal (SDE 7.5)
KIC 3549989,kepler,12.918,medium,5,False,9.069931283044488,rejected: BLS found a signal (SDE 9.1)
KIC 5967234,kepler,13.75,medium,0,False,7.0877224717669485,rejected: BLS found a signal (SDE 7.1)
KIC 9702865,kepler,13.592,medium,3,False,8.772106905243595,rejected: BLS found a signal (SDE 8.8)
KIC 5535890,kepler,13.088,medium,1,False,13.920619299800785,rejected: BLS found a signal (SDE 13.9)
KIC 11617824,kepler,12.564,medium,0,False,9.438518264838542,rejected: BLS found a signal (SDE 9.4)
KIC 7620212,kepler,13.424,medium,0,False,11.533175884840723,rejected: BLS found a signal (SDE 11.5)
KIC 4245449,kepler,12.545,medium,1,False,10.040606254655197,rejected: BLS found a signal (SDE 10.0)
KIC 5354940,kepler,13.352,medium,3,False,7.0831909114749365,rejected: BLS found a signal (SDE 7.1)
KIC 5369410,kepler,13.073,medium,1,False,7.515558341249027,rejected: BLS found a signal (SDE 7.5)
KIC 10057222,kepler,12.606,medium,1,False,7.36403985575385,rejected: BLS found a signal (SDE 7.4)
KIC 10094183,kepler,13.633,medium,2,False,7.879242519856386,rejected: BLS found a signal (SDE 7.9)
KIC 10670136,kepler,13.635,medium,5,False,7.563046324474498,rejected: BLS found a signal (SDE 7.6)
KIC 5513866,kepler,13.573,medium,2,False,15.714677054001296,rejected: BLS found a signal (SDE 15.7)
KIC 4481457,kepler,13.187,medium,3,False,7.922089166736717,rejected: BLS found a signal (SDE 7.9)
KIC 6605885,kepler,14.623,faint,2,False,9.377570266548748,rejected: BLS found a signal (SDE 9.4)
KIC 9655772,kepler,13.83,faint,4,False,8.877325208389724,rejected: BLS found a signal (SDE 8.9)
KIC 9772734,kepler,14.092,faint,0,False,7.380889599234198,rejected: BLS found a signal (SDE 7.4)
KIC 3432605,kepler,14.253,faint,5,False,9.014474532291755,rejected: BLS found a signal (SDE 9.0)
KIC 9410906,kepler,14.647,faint,2,False,15.825292060389906,rejected: BLS found a signal (SDE 15.8)
KIC 4826007,kepler,14.235,faint,5,False,7.575063359544247,rejected: BLS found a signal (SDE 7.6)
KIC 3972791,kepler,13.879,faint,4,False,7.246795141853359,rejected: BLS found a signal (SDE 7.2)
KIC 5035339,kepler,14.733,faint,1,False,8.079387043849028,rejected: BLS found a signal (SDE 8.1)
KIC 7049035,kepler,14.0,faint,1,False,7.541019168194713,rejected: BLS found a signal (SDE 7.5)
KIC 10604601,kepler,14.927,faint,5,False,7.3612224913342175,rejected: BLS found a signal (SDE 7.4)
KIC 7510127,kepler,14.588,faint,5,False,7.668201285842115,rejected: BLS found a signal (SDE 7.7)
KIC 4576371,kepler,14.949,faint,1,False,7.577729342615787,rejected: BLS found a signal (SDE 7.6)
KIC 5960484,kepler,13.954,faint,4,False,10.200417547729062,rejected: BLS found a signal (SDE 10.2)
KIC 5010080,kepler,14.926,faint,0,False,7.054151814586509,rejected: BLS found a signal (SDE 7.1)
KIC 6382140,kepler,14.497,faint,4,False,7.22623404766906,rejected: BLS found a signal (SDE 7.2)
KIC 11700733,kepler,14.634,faint,0,False,9.247259635607396,rejected: BLS found a signal (SDE 9.2)
KIC 5989187,kepler,14.191,faint,4,False,8.925670587089453,rejected: BLS found a signal (SDE 8.9)
KIC 9874263,kepler,14.492,faint,0,False,9.368151116225365,rejected: BLS found a signal (SDE 9.4)
KIC 5615919,kepler,14.538,faint,3,False,,ValueError: I/O operation on closed file.
KIC 10414809,kepler,13.935,faint,3,False,7.617619304168544,rejected: BLS found a signal (SDE 7.6)
KIC 10881251,kepler,14.275,faint,1,False,7.262799380498841,rejected: BLS found a signal (SDE 7.3)
KIC 9113086,kepler,14.815,faint,1,False,,ValueError: I/O operation on closed file.
KIC 10004453,kepler,14.341,faint,0,False,7.5811274095083645,rejected: BLS found a signal (SDE 7.6)
KIC 10674751,kepler,14.347,faint,2,False,7.199279759597716,rejected: BLS found a signal (SDE 7.2)
KIC 6938519,kepler,14.05,faint,1,False,12.142984732542631,rejected: BLS found a signal (SDE 12.1)
KIC 7134429,kepler,14.669,faint,5,False,10.319146188694726,rejected: BLS found a signal (SDE 10.3)
KIC 12505054,kepler,14.13,faint,1,False,10.06918898821797,rejected: BLS found a signal (SDE 10.1)
KIC 12070736,kepler,14.719,faint,3,False,7.348562115903945,rejected: BLS found a signal (SDE 7.3)
KIC 11958854,kepler,14.625,faint,5,False,7.604362195363062,rejected: BLS found a signal (SDE 7.6)
KIC 6020540,kepler,13.99,faint,4,False,7.728074636326431,rejected: BLS found a signal (SDE 7.7)
KIC 4668003,kepler,14.645,faint,3,False,11.630461080524851,rejected: BLS found a signal (SDE 11.6)
KIC 4553079,kepler,14.919,faint,1,False,8.219628671230693,rejected: BLS found a signal (SDE 8.2)
KIC 9712863,kepler,14.668,faint,1,False,7.263405357762307,rejected: BLS found a signal (SDE 7.3)
KIC 11038366,kepler,14.598,faint,3,False,7.6754696966114455,rejected: BLS found a signal (SDE 7.7)
KIC 10386314,kepler,14.375,faint,5,False,7.2873233166985125,rejected: BLS found a signal (SDE 7.3)
KIC 4548781,kepler,13.994,faint,3,False,7.043836552046482,rejected: BLS found a signal (SDE 7.0)
KIC 6029631,kepler,13.946,faint,5,False,13.596683427627397,rejected: BLS found a signal (SDE 13.6)
KIC 6209756,kepler,14.162,faint,0,False,9.915893850345807,rejected: BLS found a signal (SDE 9.9)
KIC 3110319,kepler,14.659,faint,1,False,8.844222128818213,rejected: BLS found a signal (SDE 8.8)
KIC 7695450,kepler,14.19,faint,1,False,8.298214828840386,rejected: BLS found a signal (SDE 8.3)
KIC 4850494,kepler,13.914,faint,2,False,8.033550676424358,rejected: BLS found a signal (SDE 8.0)
KIC 2834895,kepler,13.815,faint,3,False,10.186812058206616,rejected: BLS found a signal (SDE 10.2)
KIC 7800157,kepler,14.094,faint,3,False,7.413776704261419,rejected: BLS found a signal (SDE 7.4)
KIC 5893799,kepler,14.268,faint,4,False,7.611584162025885,rejected: BLS found a signal (SDE 7.6)
KIC 10485180,kepler,14.801,faint,1,False,10.326021286163204,rejected: BLS found a signal (SDE 10.3)
KIC 6963426,kepler,14.411,faint,2,False,10.466096347032579,rejected: BLS found a signal (SDE 10.5)
KIC 4951971,kepler,14.297,faint,2,False,7.342163721816687,rejected: BLS found a signal (SDE 7.3)
KIC 3764079,kepler,13.951,faint,0,False,7.995456914261575,rejected: BLS found a signal (SDE 8.0)
KIC 9968924,kepler,13.81,faint,3,False,10.456656186165313,rejected: BLS found a signal (SDE 10.5)
KIC 10264849,kepler,14.947,faint,4,False,7.5909081338261855,rejected: BLS found a signal (SDE 7.6)
KIC 5191997,kepler,14.974,faint,0,False,8.052407087470666,rejected: BLS found a signal (SDE 8.1)
KIC 6619939,kepler,13.962,faint,2,False,7.72744177752414,rejected: BLS found a signal (SDE 7.7)
KIC 10330031,kepler,13.918,faint,2,False,7.13557588791814,rejected: BLS found a signal (SDE 7.1)
KIC 8951965,kepler,14.428,faint,0,False,8.024020691654274,rejected: BLS found a signal (SDE 8.0)
KIC 11822632,kepler,14.693,faint,3,False,7.284332670835248,rejected: BLS found a signal (SDE 7.3)
KIC 9491503,kepler,13.952,faint,0,False,8.228315871301616,rejected: BLS found a signal (SDE 8.2)
KIC 8198116,kepler,14.392,faint,4,False,8.592310042959573,rejected: BLS found a signal (SDE 8.6)
KIC 6196021,kepler,14.765,faint,2,False,7.721050550408216,rejected: BLS found a signal (SDE 7.7)
KIC 11338113,kepler,14.654,faint,4,False,,ValueError: I/O operation on closed file.
KIC 9966357,kepler,14.864,faint,1,False,7.804853808159549,rejected: BLS found a signal (SDE 7.8)
KIC 7542426,kepler,14.643,faint,2,False,7.3651494498647665,rejected: BLS found a signal (SDE 7.4)
KIC 6288231,kepler,14.986,faint,4,False,7.2658762346993555,rejected: BLS found a signal (SDE 7.3)
KIC 8638027,kepler,14.773,faint,4,False,7.67232363837531,rejected: BLS found a signal (SDE 7.7)
KIC 8104670,kepler,14.078,faint,2,False,,ValueError: I/O operation on closed file.
KIC 10018866,kepler,14.129,faint,2,False,7.178766247992372,rejected: BLS found a signal (SDE 7.2)
KIC 11861595,kepler,14.14,faint,1,False,7.464867260205972,rejected: BLS found a signal (SDE 7.5)
KIC 6262882,kepler,13.979,faint,4,False,15.004737500825302,rejected: BLS found a signal (SDE 15.0)
KIC 12834374,kepler,14.655,faint,1,False,8.622636235087104,rejected: BLS found a signal (SDE 8.6)
KIC 6701098,kepler,14.566,faint,5,False,13.824120823586679,rejected: BLS found a signal (SDE 13.8)
KIC 4247423,kepler,13.806,faint,4,False,11.534537839890108,rejected: BLS found a signal (SDE 11.5)
KIC 8110757,kepler,14.463,faint,0,False,17.735939287451682,rejected: BLS found a signal (SDE 17.7)
KIC 6696137,kepler,13.905,faint,0,False,7.409042786246678,rejected: BLS found a signal (SDE 7.4)
KIC 7904473,kepler,13.94,faint,4,False,,ValueError: I/O operation on closed file.
KIC 10972559,kepler,14.903,faint,0,False,,ValueError: I/O operation on closed file.
KIC 11251960,kepler,14.801,faint,3,False,9.444968954439805,rejected: BLS found a signal (SDE 9.4)
KIC 11601592,kepler,14.723,faint,1,False,7.524440168056095,rejected: BLS found a signal (SDE 7.5)
KIC 11502776,kepler,14.464,faint,3,False,7.059235354399241,rejected: BLS found a signal (SDE 7.1)
KIC 11972984,kepler,13.889,faint,2,False,8.020224350254523,rejected: BLS found a signal (SDE 8.0)
KIC 12067275,kepler,13.805,faint,2,False,7.533030553617804,rejected: BLS found a signal (SDE 7.5)
KIC 7129264,kepler,14.415,faint,4,False,7.910667788297732,rejected: BLS found a signal (SDE 7.9)
KIC 7184788,kepler,14.627,faint,1,False,7.6244052405385325,rejected: BLS found a signal (SDE 7.6)
KIC 10881184,kepler,13.906,faint,1,False,7.6934998636888245,rejected: BLS found a signal (SDE 7.7)
KIC 3342319,kepler,14.895,faint,2,False,8.86161833029131,rejected: BLS found a signal (SDE 8.9)
KIC 9517743,kepler,14.548,faint,2,False,7.959548166708772,rejected: BLS found a signal (SDE 8.0)
KIC 5796160,kepler,14.37,faint,3,False,8.134682206460134,rejected: BLS found a signal (SDE 8.1)
KIC 10395162,kepler,14.671,faint,3,False,7.450358946113213,rejected: BLS found a signal (SDE 7.5)
KIC 12689338,kepler,14.569,faint,1,False,7.177982016355583,rejected: BLS found a signal (SDE 7.2)
KIC 12306540,kepler,14.85,faint,2,False,7.270504033203789,rejected: BLS found a signal (SDE 7.3)
KIC 8483041,kepler,14.932,faint,0,False,7.5627883590623215,rejected: BLS found a signal (SDE 7.6)
KIC 12157687,kepler,14.355,faint,3,False,7.580858975538807,rejected: BLS found a signal (SDE 7.6)
KIC 10355540,kepler,13.951,faint,3,False,10.777240491047946,rejected: BLS found a signal (SDE 10.8)
