target,mission,mag,brightness_bin,segment,accepted,error,sde,path,n_points,baseline_days,cadence_min,oot_scatter_ppm,split
KIC 10424379,kepler,12.628,medium,3,True,,5.773311052514988,data/baselines/kepler_KIC_10424379.npz,2106.0,44.442005673357926,29.423654275014997,270.93153750366247,train
KIC 11599438,kepler,13.591,medium,5,True,,5.968928578494409,data/baselines/kepler_KIC_11599438.npz,1624.0,33.47107899446564,29.425127813592553,485.62040320424,train
KIC 10147859,kepler,13.51,medium,5,True,,6.03492499771051,data/baselines/kepler_KIC_10147859.npz,2144.0,44.99560339637537,29.42493620328605,122.91178662354922,test
KIC 11026724,kepler,13.544,medium,4,True,,6.840185207830686,data/baselines/kepler_KIC_11026724.npz,2116.0,44.9961863341814,29.425310905789956,135.80803869489196,train
KIC 5461285,kepler,12.667,medium,4,True,,6.174410859310711,data/baselines/kepler_KIC_5461285.npz,2116.0,44.99670035055169,29.425640366971493,95.04993903391409,train
KIC 10649815,kepler,13.552,medium,1,True,,5.9332077583095595,data/baselines/kepler_KIC_10649815.npz,2106.0,44.44273665718356,29.42414847202599,233.46981009421975,test
KIC 3728988,kepler,13.124,medium,4,True,,5.381322964734127,data/baselines/kepler_KIC_3728988.npz,2115.0,44.99685752957157,29.425760453450497,128.30144001388638,train
KIC 11447799,kepler,13.134,medium,0,True,,6.777531221082724,data/baselines/kepler_KIC_11447799.npz,1624.0,33.47115966225101,29.42520291544497,240.60294525618608,train
KIC 9469149,kepler,13.021,medium,0,True,,5.531992685600525,data/baselines/kepler_KIC_9469149.npz,1624.0,33.47142487311794,29.42543793353252,113.64488329182454,train
KIC 9569289,kepler,13.065,medium,5,True,,6.507206824619574,data/baselines/kepler_KIC_9569289.npz,2144.0,44.99497647635144,29.42452029325068,117.53740316052212,train
KIC 6384132,kepler,12.813,medium,1,True,,6.760915494824144,data/baselines/kepler_KIC_6384132.npz,2075.0,44.99573580356082,29.42499964905437,132.1843929780688,test
KIC 2849057,kepler,13.55,medium,3,True,,5.407404661343536,data/baselines/kepler_KIC_2849057.npz,2106.0,44.44239704976644,29.42391679622233,361.2717969405244,train
KIC 8950502,kepler,13.789,medium,0,True,,5.717677522638604,data/baselines/kepler_KIC_8950502.npz,1624.0,33.471384594464325,29.425395018188283,168.11820299265688,test
KIC 11152908,kepler,13.57,medium,2,True,,6.946754568272329,data/baselines/kepler_KIC_11152908.npz,2091.0,44.99344150983234,29.423493421054445,447.4842925449934,test
KIC 6278118,kepler,13.332,medium,2,True,,5.3249660996131345,data/baselines/kepler_KIC_6278118.npz,2091.0,44.99287717829429,29.42313996143639,121.66568965258384,test
KIC 10452898,kepler,12.881,medium,3,True,,5.195910681246307,data/baselines/kepler_KIC_10452898.npz,2146.0,44.996229758857226,29.42534687463194,489.3472939014903,train
KIC 11668686,kepler,12.639,medium,1,True,,5.236154521580353,data/baselines/kepler_KIC_11668686.npz,2075.0,44.9956005976419,29.424918260774575,428.87124817330306,train
KIC 7908819,kepler,13.461,medium,0,True,,5.77067118654335,data/baselines/kepler_KIC_7908819.npz,1624.0,33.4716075151955,29.425600385293365,122.36247662522952,train
KIC 12470827,kepler,13.522,medium,3,True,,5.732489932905119,data/baselines/kepler_KIC_12470827.npz,2106.0,44.44214384172665,29.423753516748548,181.24933543224472,train
KIC 10453018,kepler,12.539,medium,5,True,,5.982448185058992,data/baselines/kepler_KIC_10453018.npz,1624.0,33.47109845270461,29.42514272290282,2485.440889889038,train
KIC 8289770,kepler,13.652,medium,2,True,,5.156224800028343,data/baselines/kepler_KIC_8289770.npz,2091.0,44.99305383639148,29.423249670071527,143.30194889601577,train
KIC 9326711,kepler,13.258,medium,0,True,,6.931433936002051,data/baselines/kepler_KIC_9326711.npz,1624.0,33.47115935910551,29.42519804346375,152.3045582362192,test
KIC 11807854,kepler,13.576,medium,2,True,,6.783855243449258,data/baselines/kepler_KIC_11807854.npz,2091.0,44.99347038665291,29.42352627811488,143.84187679510586,train
KIC 9539948,kepler,13.674,medium,5,True,,6.167515737215709,data/baselines/kepler_KIC_9539948.npz,2144.0,44.99573547025648,29.425024213269353,151.85978557291415,train
KIC 9044715,kepler,13.459,medium,1,True,,6.025749984010824,data/baselines/kepler_KIC_9044715.npz,2075.0,44.99577674077591,29.42502974532545,147.1248386182573,train
KIC 3751075,kepler,13.692,medium,2,True,,6.956043566176709,data/baselines/kepler_KIC_3751075.npz,2091.0,44.992704859578225,29.423018591478467,424.8739754814849,test
KIC 8365608,kepler,13.425,medium,5,True,,5.655884011170352,data/baselines/kepler_KIC_8365608.npz,2144.0,44.99548361152847,29.424857570556924,139.71097901267547,train
KIC 7222208,kepler,13.517,medium,2,True,,6.704280033913414,data/baselines/kepler_KIC_7222208.npz,2091.0,44.99302049975813,29.423213800764643,136.1285188921625,train
KIC 4048300,kepler,13.465,medium,0,True,,5.753525321136402,data/baselines/kepler_KIC_4048300.npz,1624.0,33.47152699112485,29.425526121631265,232.8119568833985,test
KIC 5647808,kepler,13.467,medium,5,True,,6.440938766098111,data/baselines/kepler_KIC_5647808.npz,2144.0,44.995857887020975,29.425108357099816,155.59040686922495,train
KIC 3247527,kepler,13.766,medium,5,True,,5.489762103502104,data/baselines/kepler_KIC_3247527.npz,2144.0,44.992737020402274,29.42303284071386,203.9945598600062,test
KIC 9417940,kepler,13.087,medium,3,True,,6.1242180476640735,data/baselines/kepler_KIC_9417940.npz,2144.0,44.99573767446418,29.42502605728805,283.81353264519146,train
KIC 11144824,kepler,13.106,medium,2,True,,4.84629268615696,data/baselines/kepler_KIC_11144824.npz,2091.0,44.993417003825016,29.423480088589713,231.88444319327985,train
KIC 10482899,kepler,12.994,medium,3,True,,5.89024940881393,data/baselines/kepler_KIC_10482899.npz,2106.0,44.44210938273318,29.423723928630352,105.0029180347633,train
KIC 9773581,kepler,13.035,medium,2,True,,6.180141456425397,data/baselines/kepler_KIC_9773581.npz,2091.0,44.99323844996252,29.423365853726864,103.8373109344386,test
KIC 7459587,kepler,13.337,medium,0,True,,6.23617295748512,data/baselines/kepler_KIC_7459587.npz,1624.0,33.47159197392466,29.4255824375432,112.45803470809771,test
KIC 12119632,kepler,12.711,medium,4,True,,5.78422798008897,data/baselines/kepler_KIC_12119632.npz,2116.0,44.99600960053067,29.425193349597976,126.08380040419344,test
KIC 11199287,kepler,13.463,medium,5,True,,6.93670049031223,data/baselines/kepler_KIC_11199287.npz,2144.0,44.99566821386543,29.42497710697353,132.95784443848308,train
KIC 5975207,kepler,13.259,medium,5,True,,4.824067663962131,data/baselines/kepler_KIC_5975207.npz,2144.0,44.99570976295945,29.42500978591852,158.97020199111603,train
KIC 9418850,kepler,13.696,medium,3,True,,6.612122069087507,data/baselines/kepler_KIC_9418850.npz,2106.0,44.44205714415148,29.423687970265743,150.25015231981146,train
KIC 4381124,kepler,13.649,medium,2,True,,6.224281523222926,data/baselines/kepler_KIC_4381124.npz,2091.0,44.99277117446036,29.42305094038602,150.97522854340045,train
KIC 9705877,kepler,13.139,medium,2,True,,6.678925919700736,data/baselines/kepler_KIC_9705877.npz,2091.0,44.993215025977406,29.42336400970817,102.02240700699046,train
KIC 6139000,kepler,13.386,medium,0,True,,4.54958698866255,data/baselines/kepler_KIC_6139000.npz,1624.0,33.47165395984484,29.42563390242867,286.7806505504705,train
KIC 5446110,kepler,13.013,medium,3,True,,5.110631019501084,data/baselines/kepler_KIC_5446110.npz,2106.0,44.44237494214758,29.423902714625,398.90958651553393,test
KIC 5450413,kepler,12.872,medium,3,True,,4.704806639944697,data/baselines/kepler_KIC_5450413.npz,2144.0,44.99552077711997,29.424884067848325,121.34590844303509,train
KIC 10319126,kepler,13.395,medium,3,True,,5.521974878667121,data/baselines/kepler_KIC_10319126.npz,2106.0,44.44288781456271,29.424249714938924,162.29947823922666,train
KIC 10730228,kepler,12.95,medium,5,True,,6.976614432183543,data/baselines/kepler_KIC_10730228.npz,2144.0,44.99545925162238,29.424839140847325,333.9287396754114,train
KIC 6310248,kepler,12.69,medium,1,True,,5.232640910862708,data/baselines/kepler_KIC_6310248.npz,2075.0,44.99579529435141,29.425039295456372,335.1219390760679,train
KIC 5430106,kepler,13.522,medium,5,True,,6.882511232066122,data/baselines/kepler_KIC_5430106.npz,2144.0,44.99282609689544,29.423096710816026,145.07884184359642,train
KIC 6213607,kepler,13.719,medium,2,True,,6.125610081009994,data/baselines/kepler_KIC_6213607.npz,2091.0,44.99290210537583,29.423140045255423,155.89080840226026,train
KIC 8518483,kepler,13.592,medium,1,True,,5.412853323715981,data/baselines/kepler_KIC_8518483.npz,2075.0,44.99581357621355,29.425053209415637,150.71434971818374,test
KIC 9211176,kepler,13.69,medium,5,True,,5.332667880644489,data/baselines/kepler_KIC_9211176.npz,2144.0,44.99531948641379,29.4247489515692,317.5891323328273,train
KIC 3454480,kepler,13.516,medium,5,True,,5.349650314573383,data/baselines/kepler_KIC_3454480.npz,2144.0,44.992745373201615,29.423038865206763,165.3986914302004,test
KIC 10121853,kepler,13.09,medium,1,True,,6.134161664546023,data/baselines/kepler_KIC_10121853.npz,2075.0,44.99500050040661,29.42451392300427,187.43848757193237,train
KIC 11501963,kepler,14.993,faint,0,True,,6.350413875321703,data/baselines/kepler_KIC_11501963.npz,1624.0,33.471190544441924,29.425232084468007,413.5882290324028,train
KIC 11017115,kepler,14.77,faint,4,True,,6.821015347429504,data/baselines/kepler_KIC_11017115.npz,2139.0,44.99523871978454,29.42468499240931,296.7940479959188,train
KIC 2303694,kepler,14.932,faint,2,True,,5.372870975821544,data/baselines/kepler_KIC_2303694.npz,2091.0,44.992617973875895,29.42296766617801,378.29892651257416,train
KIC 8738643,kepler,13.368,medium,4,True,,5.969931786508802,data/baselines/kepler_KIC_8738643.npz,2116.0,44.996450916871254,29.425497287884355,103.20668463524608,train
KIC 7503606,kepler,12.622,medium,3,True,,5.1547715071348,data/baselines/kepler_KIC_7503606.npz,2106.0,44.44285634243715,29.42422792199068,139.21173590340223,test
KIC 8933628,kepler,13.772,medium,1,True,,5.640560690333787,data/baselines/kepler_KIC_8933628.npz,2075.0,44.994995096174534,29.42450813949108,143.7787804886405,train
KIC 8168383,kepler,13.655,medium,4,True,,5.67928030551194,data/baselines/kepler_KIC_8168383.npz,2144.0,44.995533145549416,29.4248906057328,447.3108708980308,train
KIC 7812503,kepler,12.578,medium,4,True,,6.494707735291662,data/baselines/kepler_KIC_7812503.npz,2116.0,44.996544357745734,29.42555470392108,79.60393601979159,train
KIC 3853903,kepler,13.702,medium,1,True,,6.692931885349784,data/baselines/kepler_KIC_3853903.npz,2075.0,44.99547414778499,29.42482522164937,186.06208998402207,train
KIC 8546589,kepler,13.222,medium,3,True,,5.276231174390988,data/baselines/kepler_KIC_8546589.npz,2106.0,44.442668891068024,29.42410152289085,104.9467571380015,train
KIC 7017298,kepler,13.724,medium,2,True,,6.263755291077987,data/baselines/kepler_KIC_7017298.npz,2091.0,44.99292610066914,29.423157814890143,115.66863882844945,train
KIC 3099707,kepler,13.481,medium,0,True,,5.920343382109695,data/baselines/kepler_KIC_3099707.npz,1624.0,33.47147081537696,29.425478847697377,323.66971438303045,test
KIC 11284030,kepler,13.258,medium,2,True,,5.770335940817405,data/baselines/kepler_KIC_11284030.npz,2091.0,44.99338625877135,29.423452601186,135.4118518927035,train
KIC 10972955,kepler,13.361,medium,0,True,,5.430892272350756,data/baselines/kepler_KIC_10972955.npz,1624.0,33.47126174347068,29.425294938264415,125.80035677702716,train
KIC 10983102,kepler,13.645,medium,3,True,,6.789016871550278,data/baselines/kepler_KIC_10983102.npz,2106.0,44.44217820438644,29.4237716216594,476.7710943299068,train
KIC 12066279,kepler,13.555,medium,1,True,,5.949533411602286,data/baselines/kepler_KIC_12066279.npz,2075.0,44.995534124958795,29.424876602715813,150.6718277636644,train
KIC 9267221,kepler,13.722,medium,1,True,,6.0553610652297785,data/baselines/kepler_KIC_9267221.npz,2075.0,44.995084122230764,29.424568992108107,143.141906258847,train
KIC 9429241,kepler,12.752,medium,1,True,,6.255170752214747,data/baselines/kepler_KIC_9429241.npz,2075.0,44.9958624720457,29.425086737028323,107.79392736157932,train
KIC 11966643,kepler,13.612,medium,2,True,,6.50237213289553,data/baselines/kepler_KIC_11966643.npz,2091.0,44.993512986977294,29.423546640900895,167.0489083284416,test
KIC 11658848,kepler,13.21,medium,3,True,,6.1266451845402585,data/baselines/kepler_KIC_11658848.npz,2106.0,44.44243634826125,29.423946960596368,130.69472945341442,train
KIC 2835827,kepler,13.706,medium,3,True,,5.974384658761599,data/baselines/kepler_KIC_2835827.npz,2106.0,44.44261874318909,29.424067167565227,191.91809513562507,train
KIC 2436884,kepler,13.522,medium,3,True,,5.649439290627213,data/baselines/kepler_KIC_2436884.npz,2123.0,44.99267321549269,29.4229996483773,276.8513800665746,train
KIC 4755586,kepler,13.755,medium,5,True,,5.589654613758801,data/baselines/kepler_KIC_4755586.npz,2091.0,44.99278726759803,29.423064351431098,463.5911457611013,train
KIC 3749041,kepler,12.706,medium,2,True,,6.34928073707204,data/baselines/kepler_KIC_3749041.npz,2091.0,44.99270412179612,29.42302084935363,109.13355059132014,train
KIC 6875074,kepler,12.822,medium,2,True,,6.667900806385451,data/baselines/kepler_KIC_6875074.npz,2144.0,44.99566336493445,29.424977274611592,407.5832166136769,test
KIC 5442501,kepler,13.645,medium,4,True,,5.849309904436749,data/baselines/kepler_KIC_5442501.npz,2116.0,44.99673381937464,29.425675958627835,133.51338426270195,train
KIC 9873956,kepler,12.81,medium,2,True,,6.27184380260451,data/baselines/kepler_KIC_9873956.npz,2091.0,44.99322598688741,29.42334304447286,97.17441751568607,train
KIC 11671484,kepler,13.279,medium,1,True,,5.54642461881646,data/baselines/kepler_KIC_11671484.npz,2075.0,44.99565417779377,29.42495421913918,126.21279322971291,train
KIC 4769549,kepler,13.424,medium,4,True,,6.691194345938581,data/baselines/kepler_KIC_4769549.npz,2116.0,44.99673841123149,29.425675979582593,142.04855738553988,test
KIC 3851599,kepler,13.139,medium,3,True,,6.714015168325609,data/baselines/kepler_KIC_3851599.npz,2106.0,44.442331376740185,29.42387287504971,118.9703177851766,train
KIC 5780614,kepler,12.587,medium,3,True,,5.595721166967119,data/baselines/kepler_KIC_5780614.npz,2106.0,44.442526588936744,29.424005141481757,205.2932683804555,train
KIC 11810913,kepler,13.144,medium,4,True,,6.186386868906342,data/baselines/kepler_KIC_11810913.npz,2116.0,44.996087212530256,29.425245474558324,120.21567161830302,test
KIC 7903116,kepler,13.415,medium,2,True,,6.523083071998718,data/baselines/kepler_KIC_7903116.npz,2091.0,44.99305923043721,29.423241628683172,357.61257918259656,train
KIC 10004547,kepler,13.681,medium,0,True,,6.300380640338087,data/baselines/kepler_KIC_10004547.npz,1624.0,33.47126880941505,29.42529377527535,122.89796064410488,train
KIC 6952162,kepler,13.28,medium,3,True,,6.033379332879186,data/baselines/kepler_KIC_6952162.npz,2106.0,44.44227235696599,29.423832641914487,123.4512565371047,train
KIC 5731428,kepler,13.412,medium,3,True,,5.578615304904569,data/baselines/kepler_KIC_5731428.npz,2106.0,44.44196518116951,29.42362359724939,187.1244656625703,train
KIC 4995719,kepler,13.418,medium,2,True,,5.689332407586068,data/baselines/kepler_KIC_4995719.npz,2091.0,44.99276655760332,29.42305413074791,151.06444120664855,train
KIC 12165226,kepler,12.792,medium,2,True,,5.9903758027936345,data/baselines/kepler_KIC_12165226.npz,2091.0,44.99355048644793,29.42356986925006,96.86506589728202,test
KIC 4839259,kepler,13.601,medium,1,True,,6.021238602733896,data/baselines/kepler_KIC_4839259.npz,2075.0,44.99549915915122,29.42484173923731,150.16121397025947,train
KIC 2283243,kepler,12.785,medium,0,True,,5.937899833510092,data/baselines/kepler_KIC_2283243.npz,1624.0,33.471472531804466,29.4254810269922,121.7876039013277,train
KIC 10068024,kepler,13.126,medium,0,True,,5.746153169947949,data/baselines/kepler_KIC_10068024.npz,1624.0,33.47126769660099,29.425293439999223,119.46567557862986,train
KIC 3966128,kepler,13.475,medium,3,True,,5.547427635232551,data/baselines/kepler_KIC_3966128.npz,2106.0,44.44217072522588,29.423763229278848,142.77095446048904,train
KIC 6946148,kepler,12.955,medium,0,True,,6.355982230892886,data/baselines/kepler_KIC_6946148.npz,1624.0,33.4714801163791,29.42547799902968,86.98699728548254,train
KIC 11198190,kepler,13.37,medium,3,True,,5.913421344125347,data/baselines/kepler_KIC_11198190.npz,2144.0,44.99564815666963,29.424963695928454,442.91940075325414,train
KIC 7619120,kepler,13.406,medium,5,True,,5.659714152199721,data/baselines/kepler_KIC_7619120.npz,2144.0,44.99566007876274,29.424974927678704,129.00766813463397,train
KIC 9570769,kepler,13.588,medium,1,True,,5.066040651787582,data/baselines/kepler_KIC_9570769.npz,2075.0,44.994986645819154,29.42450411093887,192.0116202467154,train
KIC 2015820,kepler,9.527,bright,4,True,,4.985148399794517,data/baselines/kepler_KIC_2015820.npz,2115.0,44.99693532853416,29.425802954938263,308.61815312193033,train
KIC 6143030,kepler,12.988,medium,2,True,,5.485595803995344,data/baselines/kepler_KIC_6143030.npz,2091.0,44.992924013226,29.42315010353923,120.3552782260417,train
KIC 9784241,kepler,13.173,medium,0,True,,6.52797979743623,data/baselines/kepler_KIC_9784241.npz,1624.0,33.4714948155015,29.42550431820564,119.41742841169426,test
KIC 4661821,kepler,13.563,medium,2,True,,6.875647967855074,data/baselines/kepler_KIC_4661821.npz,2091.0,44.99277928517404,29.42306024429854,181.81510428064337,test
KIC 11858760,kepler,13.553,medium,2,True,,5.472293549060183,data/baselines/kepler_KIC_11858760.npz,2091.0,44.993476601426664,29.42353122867644,143.18982116324707,train
KIC 9158153,kepler,13.122,medium,2,True,,5.4923661687800704,data/baselines/kepler_KIC_9158153.npz,2091.0,44.99317018331931,29.423320497153327,106.11076195065372,train
KIC 4996215,kepler,13.661,medium,0,True,,5.553250019148953,data/baselines/kepler_KIC_4996215.npz,1624.0,33.4714227180375,29.425434580771253,174.17632996660285,train
KIC 2694947,kepler,13.563,medium,5,True,,5.926917693058275,data/baselines/kepler_KIC_2694947.npz,2144.0,44.99518123320741,29.42465960048139,235.7254541248976,train
KIC 3662035,kepler,13.525,medium,2,True,,6.513537323025263,data/baselines/kepler_KIC_3662035.npz,2091.0,44.99272869858396,29.42302268813364,159.92915324157113,test
KIC 3346398,kepler,12.531,medium,0,True,,4.704810290800178,data/baselines/kepler_KIC_3346398.npz,1624.0,33.47165179463627,29.42563340999186,296.44635992295525,train
KIC 3831074,kepler,13.37,medium,4,True,,6.192932037482267,data/baselines/kepler_KIC_3831074.npz,2139.0,44.99523594118364,29.42469345813151,369.51971517137343,test
KIC 8172927,kepler,13.188,medium,5,True,,6.980079223354746,data/baselines/kepler_KIC_8172927.npz,2144.0,44.99561188118969,29.424943076446652,133.0464036506487,train
KIC 5567464,kepler,12.82,medium,4,True,,5.651419382370443,data/baselines/kepler_KIC_5567464.npz,2116.0,44.9966509658916,29.42562624346465,126.5965928203084,train
KIC 5880667,kepler,13.78,medium,3,True,,6.964220462971692,data/baselines/kepler_KIC_5880667.npz,2106.0,44.44225479943998,29.42382006905973,254.14154031680465,train
KIC 9673002,kepler,13.366,medium,3,True,,6.817296566286703,data/baselines/kepler_KIC_9673002.npz,2106.0,44.44192002937052,29.423595936968923,151.524046273609,train
KIC 4640983,kepler,12.902,medium,0,True,,5.044570240656999,data/baselines/kepler_KIC_4640983.npz,1624.0,33.47145358998387,29.42546190577559,99.8987586150395,test
KIC 9139314,kepler,13.018,medium,1,True,,6.596423751236123,data/baselines/kepler_KIC_9139314.npz,2075.0,44.99505079811206,29.424546025693417,125.70894645060676,test
KIC 10729901,kepler,13.721,medium,5,True,,5.855133732297008,data/baselines/kepler_KIC_10729901.npz,2144.0,44.99545243084867,29.424834782257676,133.7879252492013,train
KIC 6848439,kepler,13.536,medium,3,True,,6.02416447108123,data/baselines/kepler_KIC_6848439.npz,2106.0,44.44261454059597,29.424063647165895,136.33008418598638,test
KIC 4141488,kepler,12.564,medium,1,True,,6.253326261648507,data/baselines/kepler_KIC_4141488.npz,2075.0,44.99515430693282,29.42461206985172,210.04715404812555,train
KIC 8023029,kepler,13.249,medium,3,True,,6.257312318389885,data/baselines/kepler_KIC_8023029.npz,2106.0,44.44244553977478,29.42395149730146,243.63680136784447,train
KIC 2721790,kepler,13.536,medium,1,True,,6.300786298419918,data/baselines/kepler_KIC_2721790.npz,2075.0,44.995527252263855,29.424860509461723,243.10813495375436,train
KIC 5644613,kepler,13.668,medium,0,True,,5.935633168480412,data/baselines/kepler_KIC_5644613.npz,1624.0,33.47172202427464,29.42569643142633,163.61192226992975,test
KIC 10579294,kepler,13.05,medium,0,True,,4.4493800329666575,data/baselines/kepler_KIC_10579294.npz,1624.0,33.4710301123705,29.425083557143807,129.48154432328153,train
KIC 8682863,kepler,13.035,medium,3,True,,6.97781129741816,data/baselines/kepler_KIC_8682863.npz,2106.0,44.44247316513065,29.42396960221231,107.40612622087474,train
KIC 4148624,kepler,13.763,medium,5,True,,6.908777720718255,data/baselines/kepler_KIC_4148624.npz,1784.0,44.995644683491264,29.42492346279323,516.8870732648018,train
KIC 2837359,kepler,13.74,medium,0,True,,6.493714862177665,data/baselines/kepler_KIC_2837359.npz,1624.0,33.47150853079802,29.425511537119743,163.89045366374617,test
KIC 11397467,kepler,12.68,medium,3,True,,6.2698466119826035,data/baselines/kepler_KIC_11397467.npz,2106.0,44.44249557182047,29.423986774636433,192.20396294509715,train
KIC 5097754,kepler,13.154,medium,1,True,,6.030321166302355,data/baselines/kepler_KIC_5097754.npz,2075.0,44.99541489587864,29.42478507757187,138.40782226545758,test
KIC 5976266,kepler,13.627,medium,3,True,,6.3741999059306576,data/baselines/kepler_KIC_5976266.npz,2106.0,44.442084322588926,29.423704566434026,245.80269798997497,test
KIC 8690453,kepler,13.593,medium,5,True,,6.642660721039616,data/baselines/kepler_KIC_8690453.npz,2123.0,44.99317282861011,29.423323938972317,119.0702252193545,train
KIC 8816372,kepler,13.173,medium,0,True,,5.911665755211693,data/baselines/kepler_KIC_8816372.npz,1624.0,33.471389674479724,29.42539888434112,118.87855306766654,test
KIC 8181580,kepler,13.232,medium,4,True,,5.296079129616873,data/baselines/kepler_KIC_8181580.npz,2116.0,44.99646002549707,29.42549175582826,109.07792162302933,train
KIC 3343186,kepler,13.11,medium,0,True,,6.584579484535457,data/baselines/kepler_KIC_3343186.npz,1624.0,33.47162783089152,29.42561379633844,499.4318785017003,train
KIC 9948163,kepler,13.22,medium,0,True,,6.777863227460892,data/baselines/kepler_KIC_9948163.npz,1624.0,33.47131761269702,29.42534003290348,96.8375206109718,test
KIC 6115501,kepler,13.049,medium,3,True,,6.200252773937009,data/baselines/kepler_KIC_6115501.npz,2106.0,44.44248114027869,29.423973625525832,99.00717807780106,train
KIC 12265075,kepler,13.072,medium,2,True,,5.499517464421559,data/baselines/kepler_KIC_12265075.npz,2091.0,44.99356982186873,29.423581844894215,123.0989554591716,train
KIC 10485765,kepler,11.477,bright,0,True,,4.973264102895008,data/baselines/kepler_KIC_10485765.npz,1624.0,33.47146106733999,29.425474813906476,276.40276681605934,train
KIC 7050289,kepler,13.71,medium,3,True,,5.05375922280361,data/baselines/kepler_KIC_7050289.npz,2106.0,44.44208499337401,29.42370572942309,1058.81899785444,train
KIC 9897117,kepler,13.158,medium,5,True,,6.539150270640607,data/baselines/kepler_KIC_9897117.npz,2144.0,44.99560477124032,29.424936873838305,114.60490388975704,train
KIC 8183753,kepler,13.682,medium,3,True,,5.994414765910528,data/baselines/kepler_KIC_8183753.npz,2106.0,44.442032008104434,29.423670871183276,166.20403211084366,train
KIC 4857724,kepler,13.307,medium,0,True,,6.221949330470551,data/baselines/kepler_KIC_4857724.npz,1624.0,33.47173297429981,29.425701973959804,130.0669020792142,train
KIC 10264639,kepler,12.58,medium,5,True,,6.512693661700605,data/baselines/kepler_KIC_10264639.npz,2144.0,44.99527488816966,29.424717938527465,78.87005762913303,train
KIC 5094348,kepler,13.047,medium,2,True,,5.731960570501791,data/baselines/kepler_KIC_5094348.npz,2091.0,44.99278567008878,29.423081874847412,276.3634341499168,train
KIC 8753598,kepler,13.54,medium,3,True,,5.9292306337015255,data/baselines/kepler_KIC_8753598.npz,2106.0,44.44233936050296,29.423879412934184,146.03383446193376,train
KIC 7909937,kepler,13.45,medium,3,True,,6.877842085426136,data/baselines/kepler_KIC_7909937.npz,2106.0,44.442021665185166,29.42366366274655,950.317191510736,train
KIC 10208318,kepler,12.778,medium,0,True,,6.112804011152488,data/baselines/kepler_KIC_10208318.npz,1624.0,33.47134585447202,29.425368709489703,98.3242276588576,train
KIC 3098965,kepler,13.142,medium,0,True,,4.585940261229544,data/baselines/kepler_KIC_3098965.npz,1624.0,33.47146127025189,29.425470790592954,146.78824761265278,train
KIC 4842225,kepler,13.042,medium,5,True,,5.303438535140785,data/baselines/kepler_KIC_4842225.npz,2144.0,44.99283457783895,29.42309939302504,300.96998533106387,train
KIC 4840410,kepler,13.235,medium,4,True,,5.049564325614472,data/baselines/kepler_KIC_4840410.npz,2116.0,44.99676555221231,29.4256841938477,126.642278796602,train
KIC 8074733,kepler,13.753,medium,4,True,,6.139268775424274,data/baselines/kepler_KIC_8074733.npz,2115.0,44.99650962372107,29.425519625656307,184.12629146428677,test
KIC 10743570,kepler,12.846,medium,4,True,,5.668356790528656,data/baselines/kepler_KIC_10743570.npz,2116.0,44.99618869089318,29.425311922095716,94.95105247177614,train
KIC 7185633,kepler,13.026,medium,4,True,,4.741856945487006,data/baselines/kepler_KIC_7185633.npz,2144.0,44.99521090584312,29.424676029011607,253.90236453608435,train
KIC 5600842,kepler,13.418,medium,5,True,,6.162366523271434,data/baselines/kepler_KIC_5600842.npz,2144.0,44.99284277065453,29.42310593090951,131.65302983621015,test
KIC 10031964,kepler,14.44,faint,0,True,,6.133132400947275,data/baselines/kepler_KIC_10031964.npz,1624.0,33.47152240284777,29.425529474392533,239.59551896885833,test
KIC 10224561,kepler,14.179,faint,2,True,,6.072732361027273,data/baselines/kepler_KIC_10224561.npz,2091.0,44.993332594684034,29.4234214205062,189.1503527484625,train
KIC 9328533,kepler,14.587,faint,4,True,,5.706939299521856,data/baselines/kepler_KIC_9328533.npz,2116.0,44.99638910761132,29.42545838537626,233.20150421502868,train
KIC 7204046,kepler,13.886,faint,3,True,,6.259139978279823,data/baselines/kepler_KIC_7204046.npz,2106.0,44.442272418200446,29.423832641914487,175.9914614677873,train
KIC 8676967,kepler,14.742,faint,3,True,,6.169457057325196,data/baselines/kepler_KIC_8676967.npz,2106.0,44.442641871886735,29.42408393137157,252.3641468149004,test
KIC 9519225,kepler,14.256,faint,3,True,,5.5330267381300535,data/baselines/kepler_KIC_9519225.npz,1284.0,31.754890478827292,29.425386604852974,194.85988089509624,test
KIC 2976017,kepler,14.261,faint,0,True,,5.831939470623868,data/baselines/kepler_KIC_2976017.npz,1624.0,33.471514119781204,29.425516398623586,225.09276201684068,train
KIC 4932232,kepler,13.843,faint,4,True,,5.857969831524745,data/baselines/kepler_KIC_4932232.npz,2116.0,44.996751316248265,29.42566977697425,151.01019542401238,train
KIC 9881140,kepler,13.942,faint,4,True,,6.02234766603105,data/baselines/kepler_KIC_9881140.npz,2116.0,44.996326443164435,29.425413133576512,154.46794731435332,train
KIC 4990868,kepler,14.288,faint,2,True,,6.994456290900586,data/baselines/kepler_KIC_4990868.npz,2091.0,44.99276289514819,29.423039378598332,206.90055611982024,train
KIC 8345684,kepler,14.076,faint,1,True,,6.2264878155116925,data/baselines/kepler_KIC_8345684.npz,2075.0,44.99494602618506,29.424475114792585,258.76225769097306,test
KIC 9644874,kepler,14.511,faint,5,True,,6.492049953723212,data/baselines/kepler_KIC_9644874.npz,2144.0,44.99539296473813,29.42479689605534,266.27800023482285,train
KIC 5893398,kepler,14.992,faint,2,True,,6.873702440393921,data/baselines/kepler_KIC_5893398.npz,2091.0,44.99289837368269,29.42313350213226,369.8449248936512,train
KIC 3631103,kepler,14.42,faint,1,True,,6.705779969125159,data/baselines/kepler_KIC_3631103.npz,2075.0,44.99515741452342,29.42461407626979,262.7055591763085,train
KIC 11505976,kepler,14.03,faint,4,True,,6.424182189308833,data/baselines/kepler_KIC_11505976.npz,2144.0,44.99544238374074,29.424827406182885,181.31179342266844,test
KIC 10011078,kepler,14.892,faint,4,True,,6.126228760586245,data/baselines/kepler_KIC_10011078.npz,2116.0,44.996296867560886,29.425380150787532,337.33119596801316,train
KIC 8880417,kepler,14.612,faint,3,True,,6.3781909119521325,data/baselines/kepler_KIC_8880417.npz,2106.0,44.44244033315772,29.42394713871181,261.03688983211777,train
KIC 10547331,kepler,14.101,faint,2,True,,6.70723030089884,data/baselines/kepler_KIC_10547331.npz,2091.0,44.99335297935613,29.42343641887419,186.50266276093475,train
KIC 5004281,kepler,14.964,faint,1,True,,5.667085633639729,data/baselines/kepler_KIC_5004281.npz,2075.0,44.99532590521267,29.424726236611605,302.957987930835,train
KIC 6690428,kepler,13.998,faint,1,True,,5.2088115599292175,data/baselines/kepler_KIC_6690428.npz,2075.0,44.99542495951755,29.424792526988313,162.67009248466923,train
KIC 11607457,kepler,14.998,faint,2,True,,5.785281623329008,data/baselines/kepler_KIC_11607457.npz,2144.0,44.99347888856573,29.423533072695136,319.03927097642736,test
KIC 7119629,kepler,14.86,faint,0,True,,6.152492919546418,data/baselines/kepler_KIC_7119629.npz,1624.0,33.471511660623946,29.425502652302384,265.99881995004847,train
KIC 8095250,kepler,14.687,faint,3,True,,6.138857121408644,data/baselines/kepler_KIC_8095250.npz,2106.0,44.442384871326794,29.423910593613986,272.2858116996055,train
KIC 5305086,kepler,13.922,faint,2,True,,5.812647013860246,data/baselines/kepler_KIC_5305086.npz,2091.0,44.992881315112754,29.42312042636331,203.80521066957047,train
KIC 5009417,kepler,13.998,faint,5,True,,6.29742009232116,data/baselines/kepler_KIC_5009417.npz,2144.0,44.995458584562584,29.424843164160848,169.5174110386514,train
KIC 2010071,kepler,14.701,faint,1,True,,6.696432109310323,data/baselines/kepler_KIC_2010071.npz,2075.0,44.995355067017954,29.424746185541153,402.5490450228737,test
KIC 10728072,kepler,14.588,faint,5,True,,6.963782437417767,data/baselines/kepler_KIC_10728072.npz,2144.0,44.99541749251512,29.424811815842983,271.39723525559936,train
KIC 7271381,kepler,13.914,faint,0,True,,6.3824354385768,data/baselines/kepler_KIC_7271381.npz,1624.0,33.47138825584261,29.425399544415995,177.60788214414927,train
KIC 9723900,kepler,14.235,faint,1,True,,6.631129408305293,data/baselines/kepler_KIC_9723900.npz,2139.0,44.99584301262803,29.425086993724108,172.69961419439076,test
KIC 5513784,kepler,14.577,faint,5,True,,6.467883339866948,data/baselines/kepler_KIC_5513784.npz,2144.0,44.992832062423986,29.4230963755399,263.9378674316714,test
KIC 10023806,kepler,13.906,faint,3,True,,4.775258990955882,data/baselines/kepler_KIC_10023806.npz,2139.0,44.99581338842109,29.425066871917807,470.42900767376744,train
KIC 8527114,kepler,13.919,faint,2,True,,6.269316542352946,data/baselines/kepler_KIC_8527114.npz,2091.0,44.993199869692035,29.423331561265513,278.1713027534628,test
KIC 12168160,kepler,14.394,faint,5,True,,6.41729526470502,data/baselines/kepler_KIC_12168160.npz,2144.0,44.995656763952866,29.424968222156167,263.99537763626694,test
KIC 11044297,kepler,14.608,faint,5,True,,6.155286466253185,data/baselines/kepler_KIC_11044297.npz,2144.0,44.995758840865165,29.42503779195249,284.1949670151968,train
KIC 2441123,kepler,14.217,faint,2,True,,6.272262373321113,data/baselines/kepler_KIC_2441123.npz,2091.0,44.992619673481386,29.42297525703907,255.11222329782015,train
KIC 8242606,kepler,14.385,faint,5,True,,5.962545040407675,data/baselines/kepler_KIC_8242606.npz,2144.0,44.99564810102311,29.424967048689723,216.36595125163012,train
KIC 5951057,kepler,13.996,faint,0,True,,4.766270583887534,data/baselines/kepler_KIC_5951057.npz,1624.0,33.47145248147717,29.42545839585364,318.59721460132977,train
KIC 10536241,kepler,14.751,faint,3,True,,6.368352870088555,data/baselines/kepler_KIC_10536241.npz,2106.0,44.44232009580446,29.42386583425105,247.4684285397311,train
KIC 11360996,kepler,14.145,faint,3,True,,5.919228516694859,data/baselines/kepler_KIC_11360996.npz,2106.0,44.44211302926851,29.423728360561658,198.6332103046491,train
KIC 8746488,kepler,14.26,faint,3,True,,5.970347794393147,data/baselines/kepler_KIC_8746488.npz,2106.0,44.44249368414603,29.423983338056132,209.2476335032924,train
KIC 9077341,kepler,14.162,faint,2,True,,6.0891115967086025,data/baselines/kepler_KIC_9077341.npz,2091.0,44.99313127336063,29.423295445740223,175.89572064116618,train
KIC 5882030,kepler,14.762,faint,1,True,,6.074610932132633,data/baselines/kepler_KIC_5882030.npz,2075.0,44.99553895875579,29.424868561327457,241.1622231343571,train
KIC 9713353,kepler,14.455,faint,0,True,,6.391913953437219,data/baselines/kepler_KIC_9713353.npz,1624.0,33.47140245467017,29.4254183198791,241.1653375005,train
KIC 5018454,kepler,14.398,faint,0,True,,5.981473740251539,data/baselines/kepler_KIC_5018454.npz,1624.0,33.47163567018288,29.425613963976502,214.99891815221716,train
KIC 6752836,kepler,14.467,faint,3,True,,6.328704369483504,data/baselines/kepler_KIC_6752836.npz,2106.0,44.44287403756607,29.424240170046687,243.83553233867633,test
KIC 7518690,kepler,14.67,faint,2,True,,6.957690299990206,data/baselines/kepler_KIC_7518690.npz,1784.0,44.99559628498537,29.424897636054084,237.96898910433717,train
KIC 4472371,kepler,14.758,faint,3,True,,6.12312072705622,data/baselines/kepler_KIC_4472371.npz,2106.0,44.4422166705117,29.423794745234773,285.6764071863911,test
KIC 3952637,kepler,14.254,faint,0,True,,5.754236712991455,data/baselines/kepler_KIC_3952637.npz,1624.0,33.47158911010774,29.425579765811563,236.33756612733632,train
KIC 11904099,kepler,14.115,faint,0,True,,5.067970979044077,data/baselines/kepler_KIC_11904099.npz,1624.0,33.47107519106066,29.425127478316423,263.648746655446,train
KIC 10288096,kepler,14.811,faint,2,True,,5.994340796083101,data/baselines/kepler_KIC_10288096.npz,2091.0,44.993332679783634,29.423422180116177,269.640344813203,train
KIC 11289841,kepler,14.807,faint,4,True,,5.051940920432604,data/baselines/kepler_KIC_11289841.npz,2116.0,44.99615805864596,29.42529852152802,284.64509966821595,train
KIC 9214725,kepler,13.973,faint,4,True,,5.7876743460228,data/baselines/kepler_KIC_9214725.npz,2116.0,44.99639160116931,29.425446828827265,252.21224530500575,train
KIC 3939189,kepler,14.946,faint,0,True,,6.622945286228364,data/baselines/kepler_KIC_3939189.npz,2139.0,44.99534265421971,29.424764704308473,1439.9715141925,train
KIC 10973280,kepler,14.667,faint,5,True,,5.964414459139554,data/baselines/kepler_KIC_10973280.npz,2144.0,44.99541933513683,29.424812318757176,279.84845904767764,test
KIC 12407345,kepler,14.827,faint,3,True,,6.523580333164281,data/baselines/kepler_KIC_12407345.npz,2106.0,44.442387994953606,29.423916209489107,337.10690645667876,train
KIC 11389717,kepler,14.046,faint,2,True,,6.9006500334174925,data/baselines/kepler_KIC_11389717.npz,2139.0,44.99519861004955,29.424658673233353,204.448109825324,test
KIC 8415290,kepler,14.829,faint,2,True,,6.494723975771548,data/baselines/kepler_KIC_8415290.npz,2091.0,44.993056068247824,29.423235850408673,267.81988470188384,train
KIC 9821593,kepler,14.314,faint,0,True,,5.988968233957164,data/baselines/kepler_KIC_9821593.npz,1624.0,33.47123230378202,29.42525806836784,189.429057755145,test
KIC 5894163,kepler,14.27,faint,4,True,,6.098580776926825,data/baselines/kepler_KIC_5894163.npz,2116.0,44.99665926548914,29.425621633417904,203.7787291608642,train
KIC 12505658,kepler,14.959,faint,0,True,,6.428311987662669,data/baselines/kepler_KIC_12505658.npz,2050.0,44.99447338245227,29.424178384942937,427.0248231427662,train
KIC 3540349,kepler,14.386,faint,1,True,,5.364907781209801,data/baselines/kepler_KIC_3540349.npz,2075.0,44.99534952751128,29.424741821712814,279.87499308982854,train
KIC 8054850,kepler,13.987,faint,5,True,,5.341509121987638,data/baselines/kepler_KIC_8054850.npz,2144.0,44.99316248976538,29.42331430502236,199.04896904599744,train
KIC 2444748,kepler,14.339,faint,4,True,,6.2108453960161984,data/baselines/kepler_KIC_2444748.npz,2115.0,44.99691500009067,29.425789371016435,229.61588959601775,train
KIC 6681486,kepler,13.98,faint,3,True,,5.99345742752257,data/baselines/kepler_KIC_6681486.npz,2106.0,44.442509822569264,29.423992400988936,241.96649867688137,train
KIC 10848591,kepler,14.723,faint,3,True,,5.953264970207538,data/baselines/kepler_KIC_10848591.npz,1008.0,20.82149794491852,29.423908246681098,283.95268375008243,train
KIC 11819375,kepler,14.527,faint,0,True,,6.559182563193193,data/baselines/kepler_KIC_11819375.npz,1624.0,33.471305544502684,29.425336522981524,251.8057857202724,train
KIC 2554185,kepler,14.217,faint,3,True,,6.614305952681455,data/baselines/kepler_KIC_2554185.npz,2106.0,44.44269461198565,29.424118800088763,263.95233391965155,train
KIC 9712185,kepler,14.053,faint,1,True,,6.0049100674117515,data/baselines/kepler_KIC_9712185.npz,2075.0,44.99548183236038,29.424833095399663,166.67031413227667,train
KIC 2580573,kepler,13.924,faint,3,True,,5.587760974387235,data/baselines/kepler_KIC_2580573.npz,2106.0,44.44229174430802,29.42384605295956,212.17687131509277,train
KIC 11856077,kepler,14.841,faint,0,True,,6.4224460582042715,data/baselines/kepler_KIC_11856077.npz,1624.0,33.4711177614663,29.42516670562327,346.5010265863941,train
KIC 6342053,kepler,14.59,faint,3,True,,6.105096696650831,data/baselines/kepler_KIC_6342053.npz,2106.0,44.44285408246651,29.424225920811296,323.0730759727524,train
KIC 8781264,kepler,13.821,faint,4,True,,6.869688728894498,data/baselines/kepler_KIC_8781264.npz,2116.0,44.996363065220066,29.425435754237697,186.59700591506177,test
KIC 9896939,kepler,14.075,faint,1,True,,5.818760203508412,data/baselines/kepler_KIC_9896939.npz,1853.0,44.99330727072811,29.423454361385662,164.0032163239843,train
KIC 9262663,kepler,13.884,faint,2,True,,6.727497739332185,data/baselines/kepler_KIC_9262663.npz,2144.0,44.99318313453841,29.423318495973945,174.68621226781897,train
KIC 11140504,kepler,14.846,faint,4,True,,5.888203321146799,data/baselines/kepler_KIC_11140504.npz,2116.0,44.9961623776544,29.425285047618672,282.311386733792,train
KIC 6101520,kepler,14.651,faint,1,True,,6.947010640869595,data/baselines/kepler_KIC_6101520.npz,2075.0,44.994960814889055,29.42448366433382,360.3539806375417,train
KIC 12453480,kepler,14.685,faint,4,True,,6.293294973350133,data/baselines/kepler_KIC_12453480.npz,2116.0,44.99599604949617,29.42519289907068,386.90667710505573,train
KIC 4270538,kepler,14.764,faint,2,True,,6.519534360563639,data/baselines/kepler_KIC_4270538.npz,2091.0,44.99274679761584,29.42303921096027,279.1597116084298,train
KIC 12834465,kepler,14.85,faint,3,True,,6.8940852569623425,data/baselines/kepler_KIC_12834465.npz,2106.0,44.44244477713801,29.42395652644336,406.87381333848606,train
KIC 5702550,kepler,14.832,faint,5,True,,5.536893544227852,data/baselines/kepler_KIC_5702550.npz,2144.0,44.99543266469118,29.42482522688806,271.7185369306494,test
KIC 9966441,kepler,14.877,faint,2,True,,5.766660380220903,data/baselines/kepler_KIC_9966441.npz,2091.0,44.99330135358469,29.42340055480599,283.2488160272607,train
KIC 10087390,kepler,14.621,faint,0,True,,5.285402900696582,data/baselines/kepler_KIC_10087390.npz,1624.0,33.47146093532501,29.425474143354226,229.34895201590675,train
KIC 10850824,kepler,14.849,faint,0,True,,6.117044188810807,data/baselines/kepler_KIC_10850824.npz,1624.0,33.47117386398895,29.42521029151976,305.3277111703142,train
KIC 9391111,kepler,14.824,faint,3,True,,5.407718889944905,data/baselines/kepler_KIC_9391111.npz,2106.0,44.442695489640755,29.42411913536489,263.8177679110239,test
KIC 8416307,kepler,14.245,faint,5,True,,6.3931902465974275,data/baselines/kepler_KIC_8416307.npz,2144.0,44.99514431045827,29.42463159444742,201.30637365806604,train
KIC 12350978,kepler,13.919,faint,0,True,,6.044100377347551,data/baselines/kepler_KIC_12350978.npz,1624.0,33.47110494541994,29.425156804500148,207.7399104122563,train
KIC 7450813,kepler,13.964,faint,2,True,,5.62846281242005,data/baselines/kepler_KIC_7450813.npz,2091.0,44.99299841984612,29.423206005594693,175.6425958512972,train
KIC 6213943,kepler,13.883,faint,2,True,,6.520439224303847,data/baselines/kepler_KIC_6213943.npz,2091.0,44.99290808563091,29.423143733292815,154.20282373200106,test
KIC 4458118,kepler,13.859,faint,0,True,,5.729223770835293,data/baselines/kepler_KIC_4458118.npz,1624.0,33.471533776275464,29.42553165368736,227.68774989779675,train
KIC 8350527,kepler,14.208,faint,0,True,,6.641207974433391,data/baselines/kepler_KIC_8350527.npz,1624.0,33.47123903503234,29.425269467756152,185.78322131653704,train
KIC 5697179,kepler,14.291,faint,1,True,,6.599666406987103,data/baselines/kepler_KIC_5697179.npz,2106.0,44.4424865319379,29.42397798411548,195.2953421272756,train
KIC 7765743,kepler,13.947,faint,1,True,,6.18424969527049,data/baselines/kepler_KIC_7765743.npz,2075.0,44.995655602251645,29.4249474350363,174.31532032735052,test
KIC 8644856,kepler,14.737,faint,4,True,,6.912240751462545,data/baselines/kepler_KIC_8644856.npz,2116.0,44.99639732606738,29.425454665906727,292.19494057133056,train
KIC 9163764,kepler,14.18,faint,4,True,,5.970735833864083,data/baselines/kepler_KIC_9163764.npz,2144.0,44.99565773113136,29.42497325129807,206.24799484069771,train
KIC 5024032,kepler,14.055,faint,5,True,,5.50962247030318,data/baselines/kepler_KIC_5024032.npz,2144.0,44.99285973204678,29.423113306984305,194.98294616740463,train
KIC 7385997,kepler,14.874,faint,3,True,,5.806218242139831,data/baselines/kepler_KIC_7385997.npz,2106.0,44.44200239897327,29.423650419339538,283.7858719443084,test
KIC 7849945,kepler,14.691,faint,1,True,,6.407570656558289,data/baselines/kepler_KIC_7849945.npz,2075.0,44.99584541207878,29.425073745078407,307.52596476731713,test
KIC 11872558,kepler,14.649,faint,1,True,,5.517466249183157,data/baselines/kepler_KIC_11872558.npz,2116.0,44.99604397017538,29.425215488299727,320.7639247397041,test
KIC 5623635,kepler,14.757,faint,3,True,,5.87157051547337,data/baselines/kepler_KIC_5623635.npz,2106.0,44.44226967103168,29.423830462619662,253.51364573895404,train
KIC 6945652,kepler,14.951,faint,1,True,,5.810020806498166,data/baselines/kepler_KIC_6945652.npz,2075.0,44.99538969475543,29.42476939817425,287.652171393075,train
KIC 8234516,kepler,14.47,faint,2,True,,6.101589708514011,data/baselines/kepler_KIC_8234516.npz,2091.0,44.993064164758835,29.423255788860843,226.70155563289657,train
KIC 9327316,kepler,14.076,faint,2,True,,6.947207943475212,data/baselines/kepler_KIC_9327316.npz,2091.0,44.993155844036664,29.423299888148904,174.8627272231042,train
KIC 8526878,kepler,13.915,faint,0,True,,6.660541995472498,data/baselines/kepler_KIC_8526878.npz,1624.0,33.47167385662033,29.425664412556216,202.3098249907165,train
KIC 3971153,kepler,14.629,faint,1,True,,5.653252930825267,data/baselines/kepler_KIC_3971153.npz,2075.0,44.99565629934659,29.42494684830308,363.7411716585915,train
KIC 10749594,kepler,13.998,faint,4,True,,5.699983841943705,data/baselines/kepler_KIC_10749594.npz,2116.0,44.99617387653416,29.425306170014665,200.6275439255306,train
KIC 6209152,kepler,14.686,faint,0,True,,6.370512470772407,data/baselines/kepler_KIC_6209152.npz,1624.0,33.47156831227767,29.425553111359477,269.16480659322707,train
KIC 8868342,kepler,14.46,faint,4,True,,6.760059290500585,data/baselines/kepler_KIC_8868342.npz,2116.0,44.9964366443528,29.42548621329479,209.20949595330336,test
KIC 3760280,kepler,14.599,faint,4,True,,5.79542955867343,data/baselines/kepler_KIC_3760280.npz,2116.0,44.99682618742372,29.42571588791907,319.64668600540193,test
KIC 9109165,kepler,14.841,faint,0,True,,6.740104770711582,data/baselines/kepler_KIC_9109165.npz,1624.0,33.47155871249561,29.425561147509143,298.43407522344023,train
KIC 11921471,kepler,14.211,faint,0,True,,5.212736793552051,data/baselines/kepler_KIC_11921471.npz,1624.0,33.47131915450154,29.425349085358903,215.21387629076952,test
KIC 5359125,kepler,14.571,faint,5,True,,6.841513752385832,data/baselines/kepler_KIC_5359125.npz,2144.0,44.995428676302254,29.424823382869363,227.06341631081668,train
KIC 12219081,kepler,14.549,faint,2,True,,5.55952791871596,data/baselines/kepler_KIC_12219081.npz,2091.0,44.99358114127972,29.423588136560284,285.8953892778331,train
KIC 2971664,kepler,13.877,faint,3,True,,5.954876703259629,data/baselines/kepler_KIC_2971664.npz,2106.0,44.442657332539966,29.42409331910312,215.1457653329997,train
KIC 10667024,kepler,13.813,faint,4,True,,5.350735788475169,data/baselines/kepler_KIC_10667024.npz,2116.0,44.996225825983856,29.425330236554142,189.50160865248336,test
KIC 7761010,kepler,13.962,faint,2,True,,6.860143970988854,data/baselines/kepler_KIC_7761010.npz,2091.0,44.99303333827265,29.423226960352626,406.7247756161046,test
KIC 4478828,kepler,14.707,faint,3,True,,6.536331193075258,data/baselines/kepler_KIC_4478828.npz,2106.0,44.442125822439266,29.423733389703557,278.8212333697528,test
KIC 5105813,kepler,14.598,faint,3,True,,6.665031191030185,data/baselines/kepler_KIC_5105813.npz,2106.0,44.44222636499762,29.423802121309564,238.9982892677531,test
KIC 7353637,kepler,14.184,faint,5,True,,6.534303013700265,data/baselines/kepler_KIC_7353637.npz,2144.0,44.99533001292002,29.42475564661436,181.57694591952543,train
KIC 11968442,kepler,14.811,faint,1,True,,6.0181869301665945,data/baselines/kepler_KIC_11968442.npz,2075.0,44.99555246386444,29.42488816974219,286.6642424906401,train
KIC 2439469,kepler,14.475,faint,5,True,,5.928140866008908,data/baselines/kepler_KIC_2439469.npz,2144.0,44.99541339981806,29.424814330413938,282.42026629366626,test
KIC 6607588,kepler,13.809,faint,4,True,,5.403029554999907,data/baselines/kepler_KIC_6607588.npz,2116.0,44.996633170529094,29.42560012335889,144.5270379193523,test
KIC 12644232,kepler,14.598,faint,4,True,,5.709932120433458,data/baselines/kepler_KIC_12644232.npz,2115.0,44.99596808455681,29.42517023649998,304.78114921885884,train
KIC 3547211,kepler,14.889,faint,0,True,,6.064154837004036,data/baselines/kepler_KIC_3547211.npz,1624.0,33.47163317470404,29.42561748437583,312.0673776089188,train
KIC 3109618,kepler,13.84,faint,4,True,,6.599531057707904,data/baselines/kepler_KIC_3109618.npz,2115.0,44.99689365702943,29.425783508922905,169.5345555580376,train
KIC 5966607,kepler,14.983,faint,5,True,,6.3307143620040405,data/baselines/kepler_KIC_5966607.npz,2144.0,44.995591535749554,29.424931006506085,300.17310386736847,train
KIC 8097582,kepler,14.452,faint,0,True,,6.526579844342544,data/baselines/kepler_KIC_8097582.npz,1624.0,33.47145116097818,29.425451857969165,242.70834235398215,train
KIC 6611495,kepler,14.056,faint,4,True,,6.129179689421313,data/baselines/kepler_KIC_6611495.npz,2139.0,44.99570180712908,29.425001409254037,160.73330634103132,train
KIC 11961244,kepler,14.668,faint,3,True,,6.271218437549779,data/baselines/kepler_KIC_11961244.npz,2106.0,44.44242787508847,29.4239417638164,300.85915674533493,test
KIC 12165032,kepler,13.959,faint,5,True,,6.385299569088815,data/baselines/kepler_KIC_12165032.npz,2144.0,44.99559218441573,29.424925977364182,191.25179970470623,test
KIC 7825879,kepler,14.014,faint,4,True,,5.63051809378044,data/baselines/kepler_KIC_7825879.npz,2116.0,44.99652332388359,29.425524026155472,157.8757011223538,train
KIC 7602673,kepler,14.192,faint,5,True,,5.8090621041842345,data/baselines/kepler_KIC_7602673.npz,2144.0,44.995400269799575,29.42480224999599,185.07484544379255,train
KIC 11177950,kepler,14.295,faint,1,True,,6.47191028757013,data/baselines/kepler_KIC_11177950.npz,2075.0,44.99508554156637,29.42457167431712,218.25672298589663,train
KIC 11125802,kepler,14.21,faint,1,True,,6.963502083766976,data/baselines/kepler_KIC_11125802.npz,2075.0,44.995126202877145,29.42459849116858,205.46303330644096,train
KIC 6975047,kepler,14.36,faint,2,True,,6.730979436442156,data/baselines/kepler_KIC_6975047.npz,1784.0,44.996088207939465,29.425224205479022,260.91604585624185,test
KIC 11360776,kepler,14.465,faint,0,True,,5.696083667800031,data/baselines/kepler_KIC_11360776.npz,1285.0,31.754678442914155,29.425179205136377,241.5601240018349,train
KIC 4936686,kepler,14.574,faint,1,True,,6.148655884921864,data/baselines/kepler_KIC_4936686.npz,2075.0,44.99563072103774,29.42492874339223,251.42733518193947,train
KIC 8637330,kepler,13.843,faint,4,True,,5.801789902354553,data/baselines/kepler_KIC_8637330.npz,2116.0,44.99641862442513,29.42546203150414,148.7828810970301,train
KIC 4280782,kepler,14.825,faint,2,True,,6.57883199646366,data/baselines/kepler_KIC_4280782.npz,2091.0,44.99277059063752,29.423049688339233,359.5999432604094,train
KIC 9955784,kepler,14.643,faint,2,True,,6.175454004738222,data/baselines/kepler_KIC_9955784.npz,2091.0,44.99326586204552,29.423382947570644,222.95112975963704,train
KIC 10014698,kepler,14.831,faint,3,True,,6.318253563384354,data/baselines/kepler_KIC_10014698.npz,2106.0,44.44227651019901,29.423836487112567,277.26992723009437,test
KIC 10463638,kepler,14.994,faint,1,True,,5.316622266526045,data/baselines/kepler_KIC_10463638.npz,2075.0,44.99530530971242,29.424716508365236,312.41518408611523,train
KIC 6607525,kepler,14.772,faint,2,True,,5.816508712664382,data/baselines/kepler_KIC_6607525.npz,2091.0,44.99292097659054,29.42316242493689,270.05264772307606,train
KIC 2973432,kepler,14.867,faint,4,True,,5.505187913780548,data/baselines/kepler_KIC_2973432.npz,2115.0,44.996906551772554,29.425798402517103,374.55292539758926,train
KIC 3326472,kepler,14.366,faint,1,True,,6.520653552928735,data/baselines/kepler_KIC_3326472.npz,2075.0,44.99514226865722,29.42460385034792,255.9836724843815,train
KIC 6880715,kepler,14.877,faint,4,True,,4.845453230486317,data/baselines/kepler_KIC_6880715.npz,2116.0,44.99657774190564,29.425567025318745,264.5906076930487,train
KIC 3834892,kepler,14.192,faint,5,True,,6.1760348454826115,data/baselines/kepler_KIC_3834892.npz,1784.0,44.9954854280295,29.424816174432635,224.8338787027996,train
KIC 7586720,kepler,14.289,faint,5,True,,5.716960667929402,data/baselines/kepler_KIC_7586720.npz,1853.0,44.99299579096987,29.42322637885809,204.7459604670081,train
KIC 7363771,kepler,14.736,faint,3,True,,6.003735450666883,data/baselines/kepler_KIC_7363771.npz,2106.0,44.44232042438671,29.423865163698792,302.95732899374354,train
KIC 8814296,kepler,14.782,faint,0,True,,6.804015465754722,data/baselines/kepler_KIC_8814296.npz,1624.0,33.47136810935626,29.425378422020003,260.356880755725,test
KIC 9472256,kepler,14.659,faint,0,True,,6.4839952789603315,data/baselines/kepler_KIC_9472256.npz,1624.0,33.47145611619635,29.425467448309064,246.4896513355912,train
KIC 3745462,kepler,14.566,faint,2,True,,6.054555982867207,data/baselines/kepler_KIC_3745462.npz,1784.0,44.99574883958121,29.42499318975024,256.8017634122576,test
KIC 7271373,kepler,14.651,faint,3,True,,6.928349549293024,data/baselines/kepler_KIC_7271373.npz,2106.0,44.44252997406147,29.424006985500455,236.35959876428237,test
KIC 8143908,kepler,14.414,faint,2,True,,5.25158636794205,data/baselines/kepler_KIC_8143908.npz,2091.0,44.993034742852615,29.423220862518065,229.723150909512,train
KIC 3634245,kepler,14.971,faint,5,True,,6.198129700280485,data/baselines/kepler_KIC_3634245.npz,2144.0,44.99527347255935,29.42472062073648,384.992341607668,train
KIC 9410515,kepler,14.163,faint,2,True,,6.6966852854187815,data/baselines/kepler_KIC_9410515.npz,2091.0,44.99321145499562,29.423345485702157,169.3801515812027,train
KIC 5865766,kepler,13.792,medium,2,True,,6.465194187214932,data/baselines/kepler_KIC_5865766.npz,2091.0,44.99283729603485,29.423108272603713,162.5375470105385,train
KIC 12056506,kepler,14.868,faint,3,True,,6.365849379756307,data/baselines/kepler_KIC_12056506.npz,2106.0,44.442518685966206,29.424003129824996,442.0947411085988,train
KIC 5960693,kepler,11.391,bright,4,True,,4.952267229627163,data/baselines/kepler_KIC_5960693.npz,2144.0,44.9954936418726,29.42486579529941,484.8764508530592,train
KIC 11025641,kepler,11.073,bright,2,True,,5.701280215379993,data/baselines/kepler_KIC_11025641.npz,2091.0,44.99336519702774,29.423461988917552,50.5829001497997,train
KIC 9330460,kepler,12.114,bright,0,True,,5.246780265649151,data/baselines/kepler_KIC_9330460.npz,1624.0,33.471221741769114,29.42525119520724,283.03897421742454,train
KIC 9137975,kepler,12.296,bright,4,True,,6.223510542784355,data/baselines/kepler_KIC_9137975.npz,1624.0,33.471158368178294,29.42519805394113,107.753878144635,test
KIC 7799241,kepler,10.886,bright,1,True,,6.009999237434341,data/baselines/kepler_KIC_7799241.npz,2075.0,44.99486944935052,29.42442397994455,1253.12300509635,train
KIC 5814204,kepler,11.371,bright,4,True,,5.213648347146133,data/baselines/kepler_KIC_5814204.npz,2116.0,44.99665160681616,29.425621004775167,259.39730967638206,train
KIC 7881715,kepler,11.965,bright,1,True,,6.264669756180329,data/baselines/kepler_KIC_7881715.npz,2075.0,44.99525522085605,29.42468063905835,107.20711795993712,test
KIC 5396516,kepler,10.206,bright,1,True,,5.420469259199101,data/baselines/kepler_KIC_5396516.npz,2075.0,44.99587237340165,29.42509051412344,202.6260945958201,train
KIC 8078435,kepler,10.617,bright,3,True,,6.320724715059518,data/baselines/kepler_KIC_8078435.npz,2106.0,44.442819715499354,29.42420463077724,57.56884759211164,train
KIC 5907824,kepler,10.915,bright,4,True,,5.536595125458232,data/baselines/kepler_KIC_5907824.npz,2116.0,44.996624363069714,29.425608169985935,72.21947667973149,train
KIC 7420223,kepler,11.369,bright,1,True,,5.552300496770905,data/baselines/kepler_KIC_7420223.npz,2075.0,44.99494526250055,29.424474611878395,375.3132994489115,train
KIC 4990328,kepler,9.923,bright,1,True,,6.307274488803723,data/baselines/kepler_KIC_4990328.npz,2075.0,44.995008060883265,29.4245140068233,60.218592624027664,train
KIC 7467630,kepler,10.099,bright,3,True,,6.097851905633846,data/baselines/kepler_KIC_7467630.npz,2116.0,44.99651788164192,29.425532177556303,232.2000057759605,train
KIC 8882414,kepler,12.181,bright,3,True,,5.488323324098616,data/baselines/kepler_KIC_8882414.npz,2106.0,44.44240397752583,29.423922328278422,72.68458215940369,train
KIC 4145040,kepler,11.537,bright,3,True,,6.357685175087517,data/baselines/kepler_KIC_4145040.npz,2050.0,44.99469501609565,29.424319295212623,61.0192791250062,train
KIC 7905106,kepler,11.756,bright,5,True,,6.973926642600928,data/baselines/kepler_KIC_7905106.npz,2144.0,44.99571896815178,29.425014144508168,50.482426302443464,train
KIC 6939158,kepler,11.921,bright,1,True,,6.343134953212108,data/baselines/kepler_KIC_6939158.npz,2075.0,44.99527909205062,29.424695553607307,441.075219621016,test
KIC 6527211,kepler,11.236,bright,3,True,,5.436121433704218,data/baselines/kepler_KIC_6527211.npz,2106.0,44.4422490236102,29.42381520755589,506.77718832484607,train
KIC 11404785,kepler,12.388,bright,1,True,,6.632343789382112,data/baselines/kepler_KIC_11404785.npz,2075.0,44.99548574880464,29.424839727580547,71.46683119057931,train
KIC 5684825,kepler,11.636,bright,2,True,,6.5095599927709475,data/baselines/kepler_KIC_5684825.npz,2091.0,44.99281611420883,29.423073576763272,112.3721470124042,test
KIC 6066983,kepler,12.362,bright,5,True,,5.921211665960744,data/baselines/kepler_KIC_6066983.npz,2144.0,44.99583272315067,29.42508991691284,108.6999304425974,train
KIC 7686550,kepler,11.408,bright,5,True,,5.901745647170535,data/baselines/kepler_KIC_7686550.npz,2144.0,44.995554074695974,29.424904687330127,56.717159461654035,train
KIC 10551405,kepler,10.284,bright,1,True,,6.2392956729677,data/baselines/kepler_KIC_10551405.npz,2075.0,44.9957210693392,29.42499277065508,41.55822372193311,train
KIC 11970773,kepler,11.412,bright,2,True,,6.757307074176626,data/baselines/kepler_KIC_11970773.npz,2091.0,44.99353138490551,29.42355578241404,49.43322980323427,train
KIC 8824452,kepler,10.897,bright,0,True,,5.817741972364939,data/baselines/kepler_KIC_8824452.npz,1624.0,33.4714732326247,29.42547901533544,359.209139547392,train
KIC 9053930,kepler,11.145,bright,1,True,,6.944216700471019,data/baselines/kepler_KIC_9053930.npz,2075.0,44.99590128863929,29.425112296594307,45.225568877874785,test
KIC 5294672,kepler,11.587,bright,0,True,,4.926649697018627,data/baselines/kepler_KIC_5294672.npz,1624.0,33.47170646885934,29.425679007545114,91.9456135695977,train
KIC 11506537,kepler,11.389,bright,3,True,,6.4831451120954995,data/baselines/kepler_KIC_11506537.npz,1624.0,33.47125454667548,29.425290076760575,106.35604207821376,test
KIC 8005468,kepler,10.902,bright,5,True,,6.603548153395414,data/baselines/kepler_KIC_8005468.npz,2144.0,44.99489896190789,29.42446849308908,62.824767808457246,test
KIC 6778540,kepler,10.763,bright,0,True,,6.6879042676449805,data/baselines/kepler_KIC_6778540.npz,1624.0,33.47151938000752,29.425510866567492,39.38807688052539,train
KIC 4271033,kepler,11.481,bright,3,True,,4.837801646152203,data/baselines/kepler_KIC_4271033.npz,2106.0,44.44222011233069,29.42379709216766,270.1752604906739,train
KIC 7137148,kepler,12.359,bright,2,True,,6.552246955073082,data/baselines/kepler_KIC_7137148.npz,2091.0,44.993007990815386,29.423205670318566,77.5729544202535,train
KIC 6590052,kepler,11.717,bright,0,True,,5.213738767474385,data/baselines/kepler_KIC_6590052.npz,1624.0,33.47135095753765,29.425370721146464,59.27180704399797,train
KIC 3326396,kepler,12.21,bright,1,True,,5.379549008125158,data/baselines/kepler_KIC_3326396.npz,2075.0,44.99514054803876,29.424602509243417,109.34785919342912,train
KIC 11140732,kepler,11.311,bright,2,True,,5.010621405638987,data/baselines/kepler_KIC_11140732.npz,1624.0,33.47132829310431,29.425355958519503,253.1899727757673,train
KIC 12006471,kepler,11.645,bright,3,True,,5.466020924094234,data/baselines/kepler_KIC_12006471.npz,2106.0,44.442553903696535,29.424027102068067,373.4092286145978,test
KIC 5039392,kepler,11.648,bright,4,True,,5.623745988275587,data/baselines/kepler_KIC_5039392.npz,2116.0,44.996703018383414,29.425657046958804,134.24991233591547,train
KIC 9632233,kepler,12.165,bright,1,True,,4.699224195521375,data/baselines/kepler_KIC_9632233.npz,2075.0,44.9949869766715,29.4245041947579,420.5746816069399,train
KIC 5867378,kepler,9.027,bright,0,True,,5.168673358730041,data/baselines/kepler_KIC_5867378.npz,1624.0,33.471457443214604,29.42546292208135,371.1237795038928,train
KIC 10489340,kepler,12.347,bright,3,True,,6.46039265987371,data/baselines/kepler_KIC_10489340.npz,2116.0,44.99619809221622,29.42532311193645,332.158474102471,test
KIC 3631567,kepler,12.29,bright,3,True,,5.344578580017878,data/baselines/kepler_KIC_3631567.npz,2106.0,44.44261751756858,29.424066497012973,333.31690694405944,test
KIC 10722495,kepler,12.215,bright,3,True,,5.101379144234559,data/baselines/kepler_KIC_10722495.npz,2106.0,44.44253061335621,29.424008829519153,93.48660366355004,train
KIC 10989210,kepler,10.1,bright,4,True,,5.186579932660933,data/baselines/kepler_KIC_10989210.npz,2116.0,44.99615444680239,29.425292182713747,190.4825870946968,train
KIC 3750375,kepler,9.638,bright,1,True,,5.6824440734891875,data/baselines/kepler_KIC_3750375.npz,2075.0,44.9954705775599,29.424822963774204,80.77158435491869,test
KIC 5769191,kepler,11.487,bright,3,True,,6.97230999597447,data/baselines/kepler_KIC_5769191.npz,2106.0,44.44282057022065,29.42420362494886,59.2937831060347,train
KIC 3236379,kepler,11.24,bright,0,True,,5.49876738544391,data/baselines/kepler_KIC_3236379.npz,1624.0,33.47163141974306,29.425616981461644,332.577969842181,train
KIC 11074543,kepler,11.791,bright,5,True,,6.326770042383603,data/baselines/kepler_KIC_11074543.npz,2144.0,44.99522088612866,29.424680890515447,336.7692159937548,train
KIC 7617928,kepler,12.384,bright,3,True,,6.3709272359704165,data/baselines/kepler_KIC_7617928.npz,2144.0,44.995643440684944,29.42496386356652,395.0653992977541,train
KIC 9771404,kepler,11.617,bright,3,True,,5.383429792624356,data/baselines/kepler_KIC_9771404.npz,1624.0,33.47137350963021,29.42539100535214,116.15157400589057,train
KIC 9728845,kepler,11.165,bright,3,True,,6.096466703166428,data/baselines/kepler_KIC_9728845.npz,2106.0,44.44200291475136,29.42365159280598,328.7756593673859,train
KIC 2986508,kepler,12.154,bright,5,True,,6.076270559968575,data/baselines/kepler_KIC_2986508.npz,2144.0,44.99542437126365,29.424821035936475,72.67045191172294,test
KIC 7973937,kepler,11.672,bright,2,True,,5.685259644677372,data/baselines/kepler_KIC_7973937.npz,2091.0,44.993076645936526,29.42325269279536,79.49359126065968,test
KIC 9947085,kepler,10.028,bright,0,True,,4.4337941597022965,data/baselines/kepler_KIC_9947085.npz,1624.0,33.471306687701144,29.42532897926867,409.0406375523988,train
KIC 11821135,kepler,12.498,bright,3,True,,6.180624779800716,data/baselines/kepler_KIC_11821135.npz,2106.0,44.44218146433559,29.423774890601635,309.830771568362,test
KIC 8174038,kepler,12.472,bright,4,True,,5.983727906650595,data/baselines/kepler_KIC_8174038.npz,2116.0,44.99647890113556,29.42549217492342,103.65360641098074,train
KIC 6619942,kepler,10.859,bright,3,True,,5.349808986694791,data/baselines/kepler_KIC_6619942.npz,2116.0,44.99660604389646,29.425581138348207,134.2273424841514,test
KIC 6715629,kepler,11.039,bright,3,True,,5.741269496743881,data/baselines/kepler_KIC_6715629.npz,2106.0,44.442002160030825,29.423650241224095,66.15067828310815,train
KIC 12204391,kepler,9.673,bright,2,True,,6.056503287517353,data/baselines/kepler_KIC_12204391.npz,2091.0,44.99352962272678,29.423566851764917,103.94846999792716,train
KIC 2986721,kepler,9.84,bright,1,True,,6.994485274446522,data/baselines/kepler_KIC_2986721.npz,1624.0,33.47160744039866,29.425597357330844,71.20338910230335,train
KIC 5788623,kepler,12.071,bright,5,True,,5.43303587122104,data/baselines/kepler_KIC_5788623.npz,2144.0,44.995444166059315,29.42483310587704,1254.2995188393295,train
KIC 8309936,kepler,11.421,bright,5,True,,6.43548329683717,data/baselines/kepler_KIC_8309936.npz,1624.0,33.471537412391626,29.42553650471382,120.296918639487,test
KIC 7041744,kepler,11.176,bright,2,True,,6.132222343199521,data/baselines/kepler_KIC_7041744.npz,2091.0,44.99297370696877,29.42318823595997,517.1439102464914,train
KIC 8948403,kepler,9.833,bright,4,True,,5.382475430979356,data/baselines/kepler_KIC_8948403.npz,2144.0,44.99539908143197,29.424801925197244,547.3684382336872,train
KIC 8105018,kepler,11.258,bright,4,True,,5.078050899557691,data/baselines/kepler_KIC_8105018.npz,2144.0,44.995616520805925,29.424946261569858,412.54384608652816,train
KIC 12737160,kepler,11.685,bright,0,True,,5.584612102631134,data/baselines/kepler_KIC_12737160.npz,1624.0,33.47114237509959,29.425191013142467,72.88994541379135,train
KIC 9954248,kepler,12.283,bright,5,True,,5.933995910519028,data/baselines/kepler_KIC_9954248.npz,2144.0,44.993302557653806,29.423410361632705,363.6517576642975,train
KIC 11129945,kepler,11.667,bright,3,True,,5.494522745837855,data/baselines/kepler_KIC_11129945.npz,2116.0,44.996180333611846,29.42531321081333,302.4953873774988,train
KIC 5104175,kepler,9.918,bright,2,True,,6.623799487536181,data/baselines/kepler_KIC_5104175.npz,2091.0,44.99280893679679,29.423082880675793,189.79896413449887,test
KIC 6592305,kepler,9.952,bright,0,True,,4.773746638649688,data/baselines/kepler_KIC_6592305.npz,1624.0,33.47138003913278,29.425395196303725,69.4796470279012,train
KIC 8806792,kepler,12.106,bright,4,True,,6.323514252407188,data/baselines/kepler_KIC_8806792.npz,2116.0,44.996444342024915,29.425493641756475,66.90494510162961,train
KIC 9009403,kepler,12.458,bright,0,True,,5.40380170498742,data/baselines/kepler_KIC_9009403.npz,1624.0,33.47126128153468,29.42528589628637,223.00982255066032,train
KIC 9402223,kepler,10.382,bright,3,True,,6.16139637638981,data/baselines/kepler_KIC_9402223.npz,2106.0,44.44238073899032,29.423906402662396,63.96992630913417,test
KIC 3525303,kepler,12.347,bright,1,True,,6.1040327445068225,data/baselines/kepler_KIC_3525303.npz,2075.0,44.99504580855137,29.424539566389285,304.20420007012916,train
KIC 3221040,kepler,9.717,bright,3,True,,6.051859196265834,data/baselines/kepler_KIC_3221040.npz,2106.0,44.44260296798166,29.424056438729167,57.51022831713029,train
KIC 8146043,kepler,10.753,bright,3,True,,6.625703108591631,data/baselines/kepler_KIC_8146043.npz,2106.0,44.442829621395504,29.424211168661714,80.76494035254736,train
KIC 8333229,kepler,12.476,bright,2,True,,5.773463344824046,data/baselines/kepler_KIC_8333229.npz,2091.0,44.99318123928242,29.423318993649445,115.49878601233468,test
KIC 5293431,kepler,11.173,bright,0,True,,6.694848379742791,data/baselines/kepler_KIC_5293431.npz,2091.0,44.99285526986205,29.42310475220438,42.5469678631683,train
KIC 11770137,kepler,12.448,bright,5,True,,6.510087800220088,data/baselines/kepler_KIC_11770137.npz,2144.0,44.995632578204095,29.42495313473046,91.775660316674,train
KIC 6952464,kepler,12.166,bright,3,True,,6.961713437845706,data/baselines/kepler_KIC_6952464.npz,2106.0,44.44226743667241,29.423829121515155,70.64190141121722,train
KIC 5435689,kepler,12.137,bright,0,True,,5.84468344724232,data/baselines/kepler_KIC_5435689.npz,1624.0,33.47143242614402,29.425442962674424,120.53492298389632,train
KIC 6126855,kepler,10.972,bright,2,True,,5.037381713990719,data/baselines/kepler_KIC_6126855.npz,2091.0,44.992883914084814,29.42313391598873,104.00420665644624,train
KIC 8868714,kepler,10.533,bright,4,True,,4.839742982712594,data/baselines/kepler_KIC_8868714.npz,2116.0,44.99643704584014,29.425487554399297,47.332983515075874,train
KIC 8821756,kepler,12.211,bright,0,True,,4.9030012107022385,data/baselines/kepler_KIC_8821756.npz,1624.0,33.471446187017136,29.42545302095823,128.81376079981163,test
KIC 7509359,kepler,9.801,bright,0,True,,5.265511261767165,data/baselines/kepler_KIC_7509359.npz,2075.0,44.995089982578065,29.42457058466971,214.06424149627097,test
KIC 11550629,kepler,11.555,bright,2,True,,5.553036627150995,data/baselines/kepler_KIC_11550629.npz,2091.0,44.993429842921614,29.423489151522517,58.31592507586565,train
KIC 9230499,kepler,11.295,bright,5,True,,6.2761530545536095,data/baselines/kepler_KIC_9230499.npz,2144.0,44.993247715327016,29.4233709666878,241.82829858626044,train
KIC 8174170,kepler,11.669,bright,0,True,,5.22990549774,data/baselines/kepler_KIC_8174170.npz,1624.0,33.47152567493322,29.425524099497125,68.69426070489142,train
KIC 2577384,kepler,12.003,bright,2,True,,6.377509067625114,data/baselines/kepler_KIC_2577384.npz,2091.0,44.99263560730469,29.422977425856516,142.03480240167443,train
KIC 5364240,kepler,11.294,bright,5,True,,6.568582853105697,data/baselines/kepler_KIC_5364240.npz,2144.0,44.995515233888,29.42488037981093,300.27049150484896,train
KIC 4460015,kepler,10.817,bright,2,True,,5.091932408969233,data/baselines/kepler_KIC_4460015.npz,2091.0,44.99274089110986,29.42305245436728,377.5575405187993,train
KIC 12552890,kepler,11.996,bright,0,True,,6.2235727835562535,data/baselines/kepler_KIC_12552890.npz,1624.0,33.47109598167299,29.425148935988545,77.91137090491213,train
KIC 6887746,kepler,10.446,bright,1,True,,5.740971983956922,data/baselines/kepler_KIC_6887746.npz,2075.0,44.99577184434747,29.42502463236451,66.79582253373226,train
KIC 9716090,kepler,11.133,bright,1,True,,6.569285732284166,data/baselines/kepler_KIC_9716090.npz,2075.0,44.995561128424015,29.424885990447365,177.02353296722805,train
KIC 10417911,kepler,11.278,bright,4,True,,5.350967745816311,data/baselines/kepler_KIC_10417911.npz,2116.0,44.99621906691027,29.425332457758486,72.7538857647135,train
KIC 9846223,kepler,12.344,bright,0,True,,6.904534460385156,data/baselines/kepler_KIC_9846223.npz,1624.0,33.47150037456595,29.42550935782492,75.26006943306002,train
KIC 8311058,kepler,12.227,bright,4,True,,4.753866988163621,data/baselines/kepler_KIC_8311058.npz,2139.0,44.9958051492431,29.42506872117519,334.341658710964,train
KIC 6785523,kepler,10.738,bright,1,True,,5.0951600342949215,data/baselines/kepler_KIC_6785523.npz,2075.0,44.99556715920335,29.424887331551872,318.75717037326154,train
KIC 8767470,kepler,11.79,bright,4,True,,5.7500841879969045,data/baselines/kepler_KIC_8767470.npz,2116.0,44.996402890952595,29.425453785806894,68.56707602299012,test
KIC 7954197,kepler,10.64,bright,1,True,,6.591749637566073,data/baselines/kepler_KIC_7954197.npz,2075.0,44.995335746963974,29.42473436181899,460.27275290310894,test
KIC 11812615,kepler,12.186,bright,2,True,,6.820416630882301,data/baselines/kepler_KIC_11812615.npz,2144.0,44.99351829445368,29.42355619627051,434.43835112981657,test
KIC 7032312,kepler,12.244,bright,0,True,,5.316765302217645,data/baselines/kepler_KIC_7032312.npz,1624.0,33.47148542608193,29.425482022343203,376.3286355482166,train
KIC 3830833,kepler,10.088,bright,4,True,,5.626296269855496,data/baselines/kepler_KIC_3830833.npz,1624.0,33.47138765036652,29.42540609277785,314.5469643818861,train
KIC 5553307,kepler,9.96,bright,0,True,,6.999662000277531,data/baselines/kepler_KIC_5553307.npz,1624.0,33.47170057579933,29.425674638478085,169.19866979090307,train
KIC 8588580,kepler,12.321,bright,4,True,,6.420427236864694,data/baselines/kepler_KIC_8588580.npz,2116.0,44.99638214229344,29.425448505207896,76.56328247166084,train
KIC 11809317,kepler,12.226,bright,0,True,,6.469494385767418,data/baselines/kepler_KIC_11809317.npz,1624.0,33.47117388389597,29.4252179923933,150.80158386941096,train
KIC 5517173,kepler,10.168,bright,2,True,,6.6830718783827745,data/baselines/kepler_KIC_5517173.npz,1992.0,44.99451596664585,29.424225910333917,349.9981538584912,train
KIC 8493969,kepler,10.604,bright,0,True,,6.215867538391662,data/baselines/kepler_KIC_8493969.npz,1624.0,33.47141923652089,29.425424532964826,294.12000546978095,train
KIC 6521904,kepler,12.099,bright,4,True,,5.913531986396889,data/baselines/kepler_KIC_6521904.npz,2116.0,44.99664056523034,29.425607761368155,115.69870684029682,train
KIC 8571699,kepler,9.68,bright,3,True,,5.687231584555463,data/baselines/kepler_KIC_8571699.npz,1784.0,44.9959383329915,29.425124953268096,93.12846201451008,train
KIC 7625670,kepler,9.466,bright,3,True,,5.549514568451159,data/baselines/kepler_KIC_7625670.npz,1624.0,33.471609595944756,29.42560054245405,315.4131669173501,train
KIC 7621836,kepler,12.378,bright,3,True,,5.3734049855942905,data/baselines/kepler_KIC_7621836.npz,2106.0,44.44211316471774,29.423725688830014,79.53850719670042,train
KIC 11674709,kepler,11.957,bright,0,True,,6.158524431360791,data/baselines/kepler_KIC_11674709.npz,1624.0,33.47139221157704,29.42541447468102,335.86022692050284,train
KIC 9304549,kepler,11.94,bright,0,True,,5.939557918126701,data/baselines/kepler_KIC_9304549.npz,1624.0,33.4715854110691,29.42558546550572,332.1496553649518,test
KIC 2164327,kepler,10.815,bright,5,True,,5.894865092946119,data/baselines/kepler_KIC_2164327.npz,2144.0,44.99551661131409,29.424883062019944,259.39344254287363,test
KIC 5978209,kepler,12.02,bright,2,True,,6.104108073336333,data/baselines/kepler_KIC_5978209.npz,2091.0,44.99290689062764,29.42313886655029,63.72755609294298,test
KIC 10034623,kepler,12.048,bright,3,True,,5.943477978029065,data/baselines/kepler_KIC_10034623.npz,2106.0,44.44194123576017,29.42360951565206,406.4894866461166,test
KIC 10848557,kepler,11.472,bright,2,True,,5.731607534018949,data/baselines/kepler_KIC_10848557.npz,2091.0,44.99333427048259,29.4234227668494,68.49906424019288,test
KIC 4446161,kepler,11.58,bright,2,True,,5.3879342318726495,data/baselines/kepler_KIC_4446161.npz,2091.0,44.992719279536686,29.423018088564277,64.53672914956006,test
KIC 6122562,kepler,11.96,bright,2,True,,5.241447101347639,data/baselines/kepler_KIC_6122562.npz,2091.0,44.99287399520835,29.423135173274204,403.1957445593293,train
KIC 9788834,kepler,11.499,bright,3,True,,6.81940043783321,data/baselines/kepler_KIC_9788834.npz,2116.0,44.996278566388355,29.425376462750137,457.8200188847366,train
KIC 10229644,kepler,10.289,bright,2,True,,4.931776379899973,data/baselines/kepler_KIC_10229644.npz,2091.0,44.99335072776739,29.423432819894515,87.54149029717968,train
KIC 3457190,kepler,10.081,bright,2,True,,5.060829527511884,data/baselines/kepler_KIC_3457190.npz,2091.0,44.99270634067216,29.423009203746915,363.80759001298935,train
KIC 9396359,kepler,11.96,bright,2,True,,5.469371178959513,data/baselines/kepler_KIC_9396359.npz,2091.0,44.993171222035016,29.423328129923902,94.90163698649664,train
KIC 10068462,kepler,11.896,bright,5,True,,6.150994332037248,data/baselines/kepler_KIC_10068462.npz,2144.0,44.995340893096,29.424762016860768,113.32336756251358,test
KIC 4275434,kepler,12.159,bright,2,True,,5.923908624646922,data/baselines/kepler_KIC_4275434.npz,2091.0,44.99276127648045,29.4230461679399,309.15641155175416,train
KIC 6305709,kepler,11.387,bright,2,True,,4.6564549526404955,data/baselines/kepler_KIC_6305709.npz,2091.0,44.992940221847675,29.423160659498535,368.6804054023711,train
KIC 7664242,kepler,12.087,bright,5,True,,6.4476163478723425,data/baselines/kepler_KIC_7664242.npz,2144.0,44.99506557132554,29.42457996192388,82.57063558862062,train
KIC 8056619,kepler,11.635,bright,2,True,,6.174067353951727,data/baselines/kepler_KIC_8056619.npz,2091.0,44.99311997816403,29.42327985016163,83.65438680109754,train
KIC 5942739,kepler,12.268,bright,2,True,,6.631256573250203,data/baselines/kepler_KIC_5942739.npz,2091.0,44.992835130273306,29.423093358054757,68.92947443512887,train
KIC 6862553,kepler,10.03,bright,0,True,,6.6681122178144046,data/baselines/kepler_KIC_6862553.npz,1624.0,33.471499337480054,29.42549410276115,38.13612557882381,train
KIC 9427961,kepler,11.528,bright,0,True,,4.240861290170442,data/baselines/kepler_KIC_9427961.npz,1624.0,33.471584153725416,29.42558444919996,172.51974075453677,train
KIC 8417184,kepler,11.158,bright,5,True,,6.773252375711387,data/baselines/kepler_KIC_8417184.npz,2144.0,44.993090068259335,29.423273066058755,188.32029370458625,test
KIC 6776396,kepler,11.795,bright,3,True,,5.792584281802911,data/baselines/kepler_KIC_6776396.npz,2106.0,44.44235206257872,29.423885605065152,231.66187250595115,test
KIC 11654380,kepler,10.148,bright,0,True,,5.501885906207371,data/baselines/kepler_KIC_11654380.npz,1624.0,33.47114281823451,29.425188823370263,40.09964230723144,train
KIC 5283958,kepler,11.576,bright,4,True,,5.288816532794036,data/baselines/kepler_KIC_5283958.npz,2144.0,44.992874953000864,29.423125041648746,253.1860322113983,train
KIC 6781058,kepler,10.278,bright,0,True,,4.365368349459668,data/baselines/kepler_KIC_6781058.npz,2144.0,44.99554540012468,29.42489848472178,41.79444249397455,test
KIC 10147817,kepler,11.257,bright,4,True,,6.733363734983775,data/baselines/kepler_KIC_10147817.npz,2116.0,44.99626990021352,29.425355843268335,59.284564111089395,train
KIC 8114155,kepler,11.245,bright,4,True,,5.115585516047376,data/baselines/kepler_KIC_8114155.npz,2116.0,44.996467927303456,29.42549778032117,62.66946119048981,train
KIC 10069934,kepler,11.27,bright,0,True,,6.404514673104378,data/baselines/kepler_KIC_10069934.npz,1624.0,33.47128971993516,29.425314562395215,1708.9700820372775,train
KIC 5553303,kepler,10.166,bright,1,True,,6.390874785003983,data/baselines/kepler_KIC_5553303.npz,2075.0,44.995720319624525,29.42498933931347,56.85239349025758,train
KIC 4571962,kepler,12.015,bright,2,True,,4.465598741288426,data/baselines/kepler_KIC_4571962.npz,2091.0,44.9927764211825,29.42305656149983,135.2670360308721,train
KIC 11144422,kepler,12.179,bright,5,True,,5.530463523656416,data/baselines/kepler_KIC_11144422.npz,2144.0,44.99562830320065,29.424950620159507,76.63439656245905,train
KIC 6278127,kepler,11.284,bright,3,True,,6.770229481332119,data/baselines/kepler_KIC_6278127.npz,2106.0,44.44246277494676,29.423961042193696,187.04962017546347,train
KIC 3974811,kepler,11.584,bright,0,True,,4.872472264344806,data/baselines/kepler_KIC_3974811.npz,1624.0,33.471739502521814,29.425702979788184,261.59555348493546,train
KIC 8164157,kepler,11.17,bright,2,True,,6.460004425167515,data/baselines/kepler_KIC_8164157.npz,1992.0,44.99420011965413,29.4240081589669,558.8037032454621,test
KIC 10933533,kepler,12.023,bright,1,True,,6.479984322872431,data/baselines/kepler_KIC_10933533.npz,2075.0,44.99569969711592,29.42498053831514,69.92927378066375,train
KIC 11554998,kepler,11.779,bright,0,True,,4.796377166727263,data/baselines/kepler_KIC_11554998.npz,1624.0,33.47119933903741,29.4252404558938,234.67080712505745,test
KIC 8750438,kepler,10.062,bright,2,True,,6.837244325707425,data/baselines/kepler_KIC_8750438.npz,2091.0,44.99311124457017,29.423296409659088,373.33143212940655,test
KIC 10662618,kepler,11.006,bright,4,True,,5.712594227851198,data/baselines/kepler_KIC_10662618.npz,2116.0,44.99623044185137,29.42533881752752,474.4036433054801,test
KIC 11771488,kepler,10.446,bright,2,True,,5.356793179051802,data/baselines/kepler_KIC_11771488.npz,2091.0,44.99350850382325,29.42354010825511,58.238526097606645,train
KIC 9097070,kepler,12.112,bright,1,True,,6.850987652548453,data/baselines/kepler_KIC_9097070.npz,2075.0,44.995587806624826,29.42490393295884,78.14635314381128,train
KIC 6366861,kepler,11.538,bright,5,True,,5.879732805332477,data/baselines/kepler_KIC_6366861.npz,1853.0,44.9929482048974,29.42321371694561,575.7426935643571,train
