target,mission,label,error
KIC 4862332,kepler,blend,no detection (SDE 6.6)
KIC 5621299,kepler,blend,no detection (SDE 5.5)
KIC 2708420,kepler,blend,no detection (SDE 6.3)
KIC 9304561,kepler,blend,no detection (SDE 6.6)
KIC 9307966,kepler,blend,no detection (SDE 5.9)
KIC 10481054,kepler,blend,no detection (SDE 6.4)
KIC 7531677,kepler,blend,no detection (SDE 6.7)
KIC 9641144,kepler,blend,no detection (SDE 6.5)
KIC 6938264,kepler,blend,no detection (SDE 6.6)
KIC 10419312,kepler,blend,no detection (SDE 5.8)
KIC 3952651,kepler,blend,no detection (SDE 5.3)
KIC 5632701,kepler,blend,no detection (SDE 5.7)
KIC 8622875,kepler,blend,no detection (SDE 6.9)
KIC 9658192,kepler,blend,no detection (SDE 6.0)
KIC 8414216,kepler,blend,no detection (SDE 6.4)
KIC 9159242,kepler,blend,no detection (SDE 6.7)
KIC 5307568,kepler,blend,no detection (SDE 6.0)
KIC 5474733,kepler,blend,no detection (SDE 6.7)
KIC 10156055,kepler,blend,no detection (SDE 5.8)
KIC 9518651,kepler,blend,no detection (SDE 5.4)
KIC 5992210,kepler,blend,no detection (SDE 6.5)
KIC 11188254,kepler,blend,no detection (SDE 6.2)
KIC 12071037,kepler,blend,no detection (SDE 6.1)
KIC 6634133,kepler,blend,no detection (SDE 6.5)
KIC 6674908,kepler,blend,no detection (SDE 6.2)
KIC 6350476,kepler,blend,no detection (SDE 6.1)
KIC 7136729,kepler,blend,no detection (SDE 6.2)
KIC 8891318,kepler,blend,no detection (SDE 5.8)
KIC 6072593,kepler,blend,no detection (SDE 6.3)
KIC 4076976,kepler,blend,no detection (SDE 6.6)
KIC 3858767,kepler,blend,no detection (SDE 6.9)
KIC 10319341,kepler,blend,no detection (SDE 6.9)
KIC 6147851,kepler,blend,no detection (SDE 6.5)
KIC 11670599,kepler,blend,no detection (SDE 6.9)
KIC 4459924,kepler,blend,no detection (SDE 6.4)
KIC 3130300,kepler,blend,no detection (SDE 6.1)
KIC 7366065,kepler,blend,no detection (SDE 6.8)
KIC 11912932,kepler,blend,no detection (SDE 6.4)
KIC 6276994,kepler,blend,no detection (SDE 6.3)
KIC 10397315,kepler,blend,no detection (SDE 6.2)
KIC 5456319,kepler,blend,no detection (SDE 6.0)
KIC 5530882,kepler,blend,no detection (SDE 6.3)
KIC 6527016,kepler,blend,no detection (SDE 6.9)
KIC 4914399,kepler,blend,no detection (SDE 6.6)
KIC 6692833,kepler,blend,no detection (SDE 5.8)
KIC 5988031,kepler,blend,no detection (SDE 6.6)
KIC 9827596,kepler,blend,no detection (SDE 6.6)
KIC 9532424,kepler,blend,no detection (SDE 7.0)
KIC 11137061,kepler,blend,no detection (SDE 7.0)
KIC 4847801,kepler,blend,ValueError: I/O operation on closed file.
KIC 1717528,kepler,blend,no detection (SDE 6.0)
KIC 2576197,kepler,blend,no detection (SDE 5.6)
KIC 6863839,kepler,blend,no detection (SDE 5.7)
KIC 10470993,kepler,blend,no detection (SDE 6.8)
KIC 8984755,kepler,blend,no detection (SDE 7.0)
KIC 3230753,kepler,blend,no detection (SDE 6.3)
KIC 6890618,kepler,blend,no detection (SDE 6.7)
KIC 5977804,kepler,blend,no detection (SDE 6.7)
KIC 3120308,kepler,blend,no detection (SDE 5.4)
KIC 12164770,kepler,blend,no detection (SDE 6.7)
KIC 6525209,kepler,blend,ValueError: I/O operation on closed file.
KIC 4665991,kepler,blend,no detection (SDE 6.3)
KIC 9850893,kepler,blend,no detection (SDE 5.5)
KIC 5737869,kepler,blend,no detection (SDE 6.0)
KIC 9541322,kepler,blend,no detection (SDE 5.5)
KIC 5545815,kepler,blend,no detection (SDE 5.7)
KIC 3657176,kepler,blend,no detection (SDE 5.8)
KIC 5562784,kepler,blend,no detection (SDE 5.8)
KIC 9007953,kepler,blend,no detection (SDE 6.9)
KIC 11923074,kepler,blend,no detection (SDE 5.8)
KIC 6964159,kepler,blend,no detection (SDE 5.5)
KIC 4848424,kepler,blend,no detection (SDE 6.4)
KIC 7773179,kepler,blend,no detection (SDE 5.9)
KIC 4829935,kepler,blend,no detection (SDE 7.0)
KIC 9652655,kepler,blend,no detection (SDE 6.0)
KIC 4852297,kepler,blend,no detection (SDE 6.9)
KIC 6960456,kepler,blend,no detection (SDE 6.8)
KIC 3547760,kepler,blend,no detection (SDE 6.6)
KIC 10730250,kepler,blend,no detection (SDE 5.8)
KIC 9899577,kepler,blend,ValueError: I/O operation on closed file.
KIC 5481148,kepler,blend,ValueError: I/O operation on closed file.
KIC 10031918,kepler,blend,no detection (SDE 6.0)
KIC 11255231,kepler,blend,no detection (SDE 6.5)
KIC 3654095,kepler,blend,no detection (SDE 6.8)
KIC 9597729,kepler,blend,no detection (SDE 6.7)
KIC 9850843,kepler,blend,no detection (SDE 6.0)
KIC 6142862,kepler,blend,no detection (SDE 6.8)
KIC 8582291,kepler,blend,no detection (SDE 5.5)
KIC 9899153,kepler,blend,no detection (SDE 6.3)
KIC 9910828,kepler,blend,no detection (SDE 6.2)
KIC 9577855,kepler,blend,ValueError: I/O operation on closed file.
KIC 3955866,kepler,blend,no detection (SDE 6.8)
KIC 10471005,kepler,blend,no detection (SDE 6.5)
KIC 6953219,kepler,blend,no detection (SDE 5.8)
KIC 5444491,kepler,blend,no detection (SDE 5.9)
KIC 6695622,kepler,blend,no detection (SDE 6.5)
KIC 8127586,kepler,blend,no detection (SDE 5.5)
KIC 3337425,kepler,blend,no detection (SDE 5.9)
KIC 7282168,kepler,blend,no detection (SDE 6.5)
KIC 5307574,kepler,blend,no detection (SDE 5.7)
KIC 9640946,kepler,blend,no detection (SDE 6.0)
KIC 10341831,kepler,blend,no detection (SDE 6.5)
KIC 9490653,kepler,blend,no detection (SDE 6.4)
KIC 9366886,kepler,blend,no detection (SDE 6.1)
KIC 2720828,kepler,blend,no detection (SDE 5.6)
KIC 2308411,kepler,blend,ValueError: I/O operation on closed file.
KIC 10619142,kepler,blend,ValueError: I/O operation on closed file.
KIC 6285094,kepler,blend,no detection (SDE 6.6)
KIC 2708445,kepler,blend,no detection (SDE 6.4)
KIC 6470917,kepler,blend,no detection (SDE 6.7)
KIC 4851338,kepler,blend,no detection (SDE 6.8)
KIC 4356621,kepler,blend,no detection (SDE 5.6)
KIC 8847111,kepler,blend,no detection (SDE 5.6)
KIC 5649215,kepler,blend,no detection (SDE 6.0)
KIC 3343281,kepler,blend,no detection (SDE 6.8)
KIC 10471055,kepler,blend,no detection (SDE 6.2)
KIC 10220950,kepler,blend,ValueError: I/O operation on closed file.
KIC 5108946,kepler,blend,no detection (SDE 6.9)
KIC 8211521,kepler,blend,no detection (SDE 6.9)
KIC 10481045,kepler,blend,no detection (SDE 5.7)
KIC 11046870,kepler,blend,ValueError: I/O operation on closed file.
KIC 6929285,kepler,blend,no detection (SDE 5.9)
KIC 5471688,kepler,blend,no detection (SDE 6.0)
KIC 9911882,kepler,blend,no detection (SDE 6.5)
KIC 11076276,kepler,blend,no detection (SDE 6.9)
KIC 3953173,kepler,blend,no detection (SDE 6.2)
KIC 6309264,kepler,blend,no detection (SDE 6.6)
KIC 10014702,kepler,blend,no detection (SDE 5.8)
KIC 6629993,kepler,blend,no detection (SDE 5.4)
KIC 4949027,kepler,blend,no detection (SDE 6.9)
KIC 4270565,kepler,blend,no detection (SDE 6.1)
KIC 2445154,kepler,blend,no detection (SDE 6.6)
KIC 9640439,kepler,blend,no detection (SDE 6.1)
KIC 9049697,kepler,blend,no detection (SDE 6.6)
KIC 5282656,kepler,blend,no detection (SDE 5.9)
KIC 11145831,kepler,blend,no detection (SDE 6.0)
KIC 6364162,kepler,blend,no detection (SDE 5.7)
KIC 9838608,kepler,blend,no detection (SDE 6.8)
KIC 11599800,kepler,blend,no detection (SDE 5.7)
KIC 5097868,kepler,blend,no detection (SDE 6.8)
KIC 9602431,kepler,blend,no detection (SDE 6.8)
KIC 3241662,kepler,blend,no detection (SDE 6.5)
KIC 6521174,kepler,blend,no detection (SDE 6.7)
KIC 6364064,kepler,blend,no detection (SDE 6.1)
KIC 3110937,kepler,blend,no detection (SDE 6.8)
KIC 7515670,kepler,blend,no detection (SDE 6.2)
KIC 3120276,kepler,blend,no detection (SDE 6.6)
KIC 3751231,kepler,blend,no detection (SDE 6.8)
KIC 4042088,kepler,variable,no detection (SDE 6.1)
KIC 5288744,kepler,variable,no detection (SDE 6.6)
KIC 8940700,kepler,variable,no detection (SDE 6.7)
KIC 6584167,kepler,variable,no detection (SDE 6.6)
KIC 7256460,kepler,variable,no detection (SDE 6.7)
KIC 5121173,kepler,variable,no detection (SDE 6.6)
KIC 2853780,kepler,variable,no detection (SDE 6.6)
KIC 12069319,kepler,variable,no detection (SDE 5.7)
KIC 8671707,kepler,variable,no detection (SDE 5.6)
KIC 7138841,kepler,variable,no detection (SDE 6.8)
KIC 7017437,kepler,variable,no detection (SDE 6.2)
KIC 4571004,kepler,variable,no detection (SDE 6.1)
KIC 11558217,kepler,variable,no detection (SDE 6.7)
KIC 4483235,kepler,variable,no detection (SDE 6.9)
KIC 8517433,kepler,variable,no detection (SDE 6.5)
KIC 7701809,kepler,variable,no detection (SDE 6.8)
KIC 10971944,kepler,variable,no detection (SDE 6.1)
KIC 11044826,kepler,variable,no detection (SDE 5.8)
KIC 3428359,kepler,variable,no detection (SDE 6.9)
KIC 5791705,kepler,variable,no detection (SDE 6.5)
KIC 9087071,kepler,variable,no detection (SDE 6.0)
KIC 9455526,kepler,variable,no detection (SDE 5.9)
KIC 5031882,kepler,variable,no detection (SDE 6.3)
KIC 9941550,kepler,variable,no detection (SDE 5.5)
KIC 10140843,kepler,variable,ValueError: I/O operation on closed file.
KIC 11135119,kepler,variable,no detection (SDE 5.8)
KIC 3102309,kepler,variable,no detection (SDE 6.4)
KIC 7897936,kepler,variable,no detection (SDE 5.9)
KIC 4950341,kepler,variable,no detection (SDE 6.5)
KIC 11867608,kepler,variable,no detection (SDE 6.8)
KIC 8039925,kepler,variable,no detection (SDE 5.8)
KIC 9455322,kepler,variable,no detection (SDE 5.9)
KIC 1027438,kepler,variable,no detection (SDE 6.3)
KIC 7663804,kepler,variable,no detection (SDE 6.3)
KIC 1297263,kepler,variable,no detection (SDE 6.9)
KIC 9974142,kepler,variable,no detection (SDE 5.9)
KIC 6795089,kepler,variable,no detection (SDE 6.6)
KIC 8244947,kepler,variable,no detection (SDE 5.7)
KIC 11099109,kepler,variable,no detection (SDE 6.9)
KIC 6116035,kepler,variable,no detection (SDE 6.5)
KIC 6880123,kepler,variable,no detection (SDE 6.5)
KIC 5598216,kepler,variable,no detection (SDE 6.0)
KIC 9164788,kepler,variable,no detection (SDE 6.9)
KIC 5709014,kepler,variable,no detection (SDE 6.8)
KIC 7366895,kepler,variable,ValueError: I/O operation on closed file.
KIC 6690523,kepler,variable,no detection (SDE 5.6)
KIC 7255910,kepler,variable,no detection (SDE 6.7)
KIC 11456839,kepler,variable,no detection (SDE 4.8)
KIC 12021943,kepler,variable,ValueError: I/O operation on closed file.
KIC 10222603,kepler,variable,no detection (SDE 6.9)
KIC 8821936,kepler,variable,no detection (SDE 5.7)
KIC 6680911,kepler,variable,no detection (SDE 6.2)
KIC 11073238,kepler,variable,no detection (SDE 6.7)
KIC 5602409,kepler,variable,no detection (SDE 5.4)
KIC 6516529,kepler,variable,no detection (SDE 5.6)
KIC 11294883,kepler,variable,no detection (SDE 6.5)
KIC 7900695,kepler,variable,no detection (SDE 6.8)
KIC 6198256,kepler,variable,no detection (SDE 6.8)
KIC 8293631,kepler,variable,no detection (SDE 6.8)
KIC 7207081,kepler,variable,no detection (SDE 5.9)
KIC 9118858,kepler,variable,no detection (SDE 6.9)
KIC 9852050,kepler,variable,no detection (SDE 6.4)
KIC 11649292,kepler,variable,no detection (SDE 5.3)
KIC 9164003,kepler,variable,no detection (SDE 6.3)
KIC 6342980,kepler,variable,no detection (SDE 6.3)
KIC 4246343,kepler,variable,no detection (SDE 6.5)
KIC 8308639,kepler,variable,no detection (SDE 6.1)
KIC 8442463,kepler,variable,no detection (SDE 5.7)
KIC 8548427,kepler,variable,no detection (SDE 6.8)
KIC 9837720,kepler,variable,no detection (SDE 6.5)
KIC 12555140,kepler,variable,no detection (SDE 5.6)
KIC 9873604,kepler,variable,no detection (SDE 5.8)
KIC 7884986,kepler,variable,no detection (SDE 6.9)
KIC 10399137,kepler,variable,no detection (SDE 6.0)
KIC 4953173,kepler,variable,no detection (SDE 5.7)
KIC 8012732,kepler,variable,no detection (SDE 6.2)
KIC 4645492,kepler,variable,no detection (SDE 6.2)
KIC 5956038,kepler,variable,no detection (SDE 5.0)
KIC 10096697,kepler,variable,no detection (SDE 5.8)
KIC 2969638,kepler,variable,no detection (SDE 5.8)
KIC 4662363,kepler,variable,no detection (SDE 6.9)
KIC 8418018,kepler,variable,no detection (SDE 6.9)
KIC 7888957,kepler,variable,no detection (SDE 5.9)
KIC 8608544,kepler,variable,no detection (SDE 6.2)
KIC 7026477,kepler,variable,no detection (SDE 6.9)
KIC 10161534,kepler,variable,no detection (SDE 6.3)
KIC 8483021,kepler,variable,no detection (SDE 6.7)
KIC 10208894,kepler,variable,no detection (SDE 6.8)
KIC 5696518,kepler,variable,no detection (SDE 6.1)
KIC 9536836,kepler,variable,no detection (SDE 5.6)
KIC 4472143,kepler,variable,no detection (SDE 6.8)
KIC 5213005,kepler,variable,no detection (SDE 5.6)
KIC 4274816,kepler,variable,no detection (SDE 6.6)
KIC 7041972,kepler,variable,no detection (SDE 6.3)
KIC 7375100,kepler,variable,no detection (SDE 6.1)
KIC 9412267,kepler,variable,no detection (SDE 6.8)
KIC 4073089,kepler,variable,no detection (SDE 5.9)
KIC 8683144,kepler,variable,no detection (SDE 5.5)
KIC 8612291,kepler,variable,no detection (SDE 6.1)
KIC 11922290,kepler,variable,no detection (SDE 6.3)
KIC 9101271,kepler,variable,no detection (SDE 6.8)
KIC 10098844,kepler,variable,no detection (SDE 6.3)
KIC 4937140,kepler,variable,no detection (SDE 6.5)
KIC 8042747,kepler,variable,no detection (SDE 6.3)
KIC 12121118,kepler,variable,no detection (SDE 6.1)
KIC 12401132,kepler,variable,ValueError: I/O operation on closed file.
KIC 5784803,kepler,variable,no detection (SDE 6.9)
KIC 8939211,kepler,variable,no detection (SDE 6.4)
KIC 5181086,kepler,variable,no detection (SDE 6.9)
KIC 11760931,kepler,variable,no detection (SDE 6.8)
KIC 9717958,kepler,variable,no detection (SDE 6.7)
KIC 3003673,kepler,variable,no detection (SDE 6.8)
KIC 8542879,kepler,variable,no detection (SDE 6.2)
KIC 5091808,kepler,variable,no detection (SDE 6.8)
KIC 3839488,kepler,transit,no detection (SDE 6.3)
KIC 7762723,kepler,transit,no detection (SDE 6.8)
KIC 7584650,kepler,transit,no detection (SDE 5.6)
KIC 6752002,kepler,transit,ValueError: I/O operation on closed file.
KIC 10089911,kepler,transit,no detection (SDE 6.4)
KIC 3561464,kepler,transit,no detection (SDE 6.4)
KIC 10285631,kepler,transit,no detection (SDE 6.7)
KIC 9009036,kepler,transit,no detection (SDE 6.5)
KIC 10713616,kepler,transit,no detection (SDE 6.4)
KIC 11100383,kepler,transit,ValueError: I/O operation on closed file.
KIC 5716932,kepler,transit,no detection (SDE 6.6)
KIC 5195172,kepler,transit,no detection (SDE 6.8)
KIC 9662811,kepler,transit,no detection (SDE 6.5)
KIC 8559152,kepler,transit,no detection (SDE 6.6)
KIC 8081187,kepler,transit,no detection (SDE 6.3)
KIC 7455981,kepler,transit,no detection (SDE 6.4)
KIC 2441495,kepler,transit,ValueError: I/O operation on closed file.
KIC 8685497,kepler,transit,no detection (SDE 5.5)
KIC 8611832,kepler,transit,no detection (SDE 6.1)
KIC 12505503,kepler,transit,no detection (SDE 6.1)
KIC 5113822,kepler,transit,no detection (SDE 7.0)
KIC 5770074,kepler,transit,no detection (SDE 6.4)
KIC 9412623,kepler,transit,no detection (SDE 6.1)
KIC 9011825,kepler,transit,no detection (SDE 5.9)
KIC 11771430,kepler,transit,no detection (SDE 6.4)
KIC 6206214,kepler,transit,no detection (SDE 6.6)
KIC 5272233,kepler,transit,no detection (SDE 6.4)
KIC 9964801,kepler,transit,no detection (SDE 5.5)
KIC 7259298,kepler,transit,no detection (SDE 6.4)
KIC 10026502,kepler,transit,no detection (SDE 6.3)
KIC 6677841,kepler,transit,no detection (SDE 6.0)
KIC 2857607,kepler,transit,no detection (SDE 6.5)
KIC 8583696,kepler,transit,no detection (SDE 6.7)
KIC 9009953,kepler,transit,no detection (SDE 6.9)
KIC 9032900,kepler,transit,no detection (SDE 6.5)
KIC 11572193,kepler,transit,no detection (SDE 5.8)
KIC 8087812,kepler,transit,no detection (SDE 6.7)
KIC 6345732,kepler,transit,no detection (SDE 6.8)
KIC 6766634,kepler,transit,no detection (SDE 6.5)
KIC 6599975,kepler,transit,no detection (SDE 6.1)
KIC 9177629,kepler,transit,no detection (SDE 7.0)
KIC 6716545,kepler,transit,no detection (SDE 6.2)
KIC 5374854,kepler,transit,no detection (SDE 6.3)
KIC 6035124,kepler,transit,no detection (SDE 6.7)
KIC 11125797,kepler,transit,no detection (SDE 5.5)
KIC 11297236,kepler,transit,no detection (SDE 6.6)
KIC 7040629,kepler,transit,no detection (SDE 5.9)
KIC 11360571,kepler,transit,no detection (SDE 6.6)
KIC 8095441,kepler,transit,no detection (SDE 6.5)
KIC 2831055,kepler,transit,no detection (SDE 6.4)
KIC 5437945,kepler,transit,no detection (SDE 5.6)
KIC 11449844,kepler,transit,no detection (SDE 5.5)
KIC 3342794,kepler,transit,no detection (SDE 6.3)
KIC 6803855,kepler,transit,no detection (SDE 5.1)
KIC 4636578,kepler,transit,no detection (SDE 5.8)
KIC 11651712,kepler,transit,no detection (SDE 6.5)
KIC 10055126,kepler,transit,no detection (SDE 6.3)
KIC 6605493,kepler,transit,no detection (SDE 5.4)
KIC 11769890,kepler,transit,no detection (SDE 6.3)
KIC 7368103,kepler,eclipse,ValueError: I/O operation on closed file.
KIC 11045383,kepler,eclipse,no detection (SDE 7.0)
KIC 12470041,kepler,eclipse,no detection (SDE 5.7)
KIC 9529856,kepler,eclipse,ValueError: I/O operation on closed file.
KIC 2852941,kepler,eclipse,no detection (SDE 5.6)
KIC 8700506,kepler,eclipse,no detection (SDE 5.1)
KIC 6699562,kepler,eclipse,no detection (SDE 5.9)
KIC 11357192,kepler,eclipse,no detection (SDE 6.2)
KIC 10753734,kepler,eclipse,no detection (SDE 5.4)
KIC 10259301,kepler,eclipse,no detection (SDE 5.2)
KIC 5700330,kepler,eclipse,no detection (SDE 6.8)
KIC 8257407,kepler,eclipse,no detection (SDE 5.5)
KIC 9904059,kepler,eclipse,no detection (SDE 6.9)
